Date,Open,High,Low,Close,Volume
2015/8/25,1.238,1.277,1.22,1.271,1188
2015/8/26,1.271,1.271,1.083,1.18,2337
2015/8/27,1.18,1.188,1.136,1.136,269
2015/8/28,1.136,1.3,1.136,1.295,26922
2015/8/29,1.295,1.295,1.153,1.179,383
2015/8/30,1.179,1.35,1.172,1.32,10975
2015/8/31,1.32,1.32,0.9,1.307,3959
2015/9/1,1.307,1.38,1.307,1.36,1220
2015/9/2,1.36,1.372,1.14,1.14,698
2015/9/3,1.14,1.328,1.14,1.234,3717
2015/9/4,1.284,1.4,1.284,1.35,18
2015/9/5,1.234,1.37,1.234,1.37,10437
2015/9/6,1.37,1.385,1.335,1.34,145
2015/9/7,1.34,1.34,1.276,1.276,526
2015/9/8,1.276,1.276,1.263,1.263,103
2015/9/9,1.263,1.263,1.21,1.21,27
2015/9/10,1.21,1.213,1.12,1.186,3361
2015/9/11,1.186,1.186,0.9242,0.9242,3066
2015/9/12,0.9242,1.146,0.9242,1.146,513
2015/9/13,1.146,1.146,0.8837,0.8856,3817
2015/9/14,0.8856,0.9622,0.885,0.955,805
2015/9/15,0.955,1,0.804,0.95,2273
2015/9/16,0.95,0.9563,0.9363,0.9363,47
2015/9/17,0.9363,0.9363,0.8238,0.875,129
2015/9/18,0.875,0.88,0.8523,0.8523,593
2015/9/19,0.8523,0.89,0.8013,0.89,3
2015/9/20,0.89,0.89,0.88,0.8871,12
2015/9/21,0.8871,0.95,0.8871,0.9412,171
2015/9/22,0.9412,0.9412,0.8059,0.8059,175
2015/9/23,0.8059,0.91,0.8059,0.91,13
2015/9/24,0.91,0.91,0.8,0.8,568
2015/9/25,0.8,0.8,0.6823,0.6823,2184
2015/9/26,0.6823,0.7703,0.6805,0.7703,58
2015/9/27,0.7703,0.7703,0.7007,0.7008,10
2015/9/28,0.7008,0.7047,0.6,0.6,3491
2015/9/29,0.6,0.6816,0.5,0.6816,11590
2015/9/30,0.6816,0.74,0.5046,0.7137,529
2015/10/1,0.7137,0.7137,0.6545,0.6548,457
2015/10/2,0.6548,0.666,0.6548,0.6647,266
2015/10/3,0.6647,0.6796,0.6647,0.6796,34
2015/10/4,0.6796,0.6747,0.6095,0.6095,533
2015/10/5,0.6095,0.6095,0.6078,0.6078,35
2015/10/6,0.6078,0.6511,0.6091,0.6511,15
2015/10/7,0.6511,0.611,0.6,0.6,1236
2015/10/8,0.6,0.64,0.6,0.62,3673
2015/10/9,0.62,0.6352,0.5701,0.6352,1298
2015/10/10,0.75,0.75,0.6351,0.6351,0
2015/10/11,0.6352,0.5993,0.5993,0.5993,8
2015/10/12,0.5993,0.639,0.63,0.63,13
2015/10/13,0.63,0.65,0.6016,0.6017,471
2015/10/14,0.6017,0.6017,0.5,0.5,1538
2015/10/15,0.5,0.56,0.4832,0.56,128
2015/10/16,0.56,0.5622,0.525,0.525,210
2015/10/17,0.525,0.54,0.52,0.523,855
2015/10/18,0.523,0.52,0.505,0.505,534
2015/10/19,0.505,0.505,0.4821,0.5,780
2015/10/20,0.5,0.4805,0.44,0.44,682
2015/10/21,0.44,0.4719,0.42,0.42,707
2015/10/22,0.42,0.609,0.411,0.609,1759
2015/10/23,0.609,0.609,0.5,0.5649,2166
2015/10/24,0.5649,0.5561,0.51,0.5561,156
2015/10/25,0.5561,0.67,0.5875,0.62,902
2015/10/26,0.62,0.706,0.62,0.706,1190
2015/10/27,0.706,0.901,0.7012,0.83,1738
2015/10/28,0.83,1.01,0.82,0.99,4611
2015/10/29,0.99,1.2,0.9717,1.123,4937
2015/10/30,1.123,1.34,1.121,1.139,4346
2015/10/31,1.139,1.139,0.8676,0.8676,804
2015/11/1,0.8676,0.99,0.8676,0.99,176
2015/11/2,0.99,1.06,0.9753,0.9878,7192
2015/11/3,0.9878,1.06,0.8425,1.06,6124
2015/11/4,1.06,1.06,0.7987,0.799,5189
2015/11/5,0.799,1.005,0.799,0.8764,1078
2015/11/6,0.8764,0.9899,0.79,0.9899,3121
2015/11/7,0.9899,0.93,0.8647,0.93,1195
2015/11/8,0.93,1,0.8945,1,3067
2015/11/9,1,1.078,0.89,0.998,8903
2015/11/10,0.998,1,0.9,0.9,7531
2015/11/11,0.9,0.94,0.73,0.75,9539
2015/11/12,0.75,0.9,0.75,0.88,2032
2015/11/13,0.88,0.9,0.8395,0.9,1625
2015/11/14,0.9,0.91,0.8736,0.88,469
2015/11/15,0.88,0.9193,0.8746,0.9193,770
2015/11/16,0.9193,0.925,0.6612,0.925,2699
2015/11/17,0.925,1,0.9224,1,9189
2015/11/18,1,1,0.95,0.9973,3299
2015/11/19,0.9973,1,0.92,0.94,1221
2015/11/20,0.94,0.94,0.91,0.92,154
2015/11/21,0.92,0.96,0.92,0.96,378
2015/11/22,0.96,0.97,0.8827,0.97,236
2015/11/23,0.97,0.92,0.92,0.92,775
2015/11/24,0.92,0.95,0.91,0.91,544
2015/11/25,0.91,0.9126,0.8674,0.87,2775
2015/11/26,0.87,0.91,0.8155,0.86,4777
2015/11/27,0.86,0.89,0.88,0.88,719
2015/11/28,0.88,0.91,0.88,0.91,968
2015/11/29,0.91,0.91,0.85,0.87,2380
2015/11/30,0.87,0.88,0.8674,0.88,394
2015/12/1,0.88,0.8885,0.8423,0.87,2502
2015/12/2,0.87,0.87,0.8,0.82,3243
2015/12/3,0.82,0.83,0.7979,0.83,905
2015/12/4,0.83,0.84,0.8246,0.84,527
2015/12/5,0.84,0.8699,0.8351,0.8699,785
2015/12/6,0.8699,0.87,0.825,0.825,765
2015/12/7,0.825,0.825,0.7829,0.79,1325
2015/12/8,0.79,0.898,0.7796,0.8102,5379
2015/12/9,0.8102,0.8533,0.761,0.8051,7556
2015/12/10,0.8051,0.8683,0.7797,0.8437,5897
2015/12/11,0.8437,0.9,0.77,0.8998,5965
2015/12/12,0.8998,0.96,0.8998,0.96,5089
2015/12/13,0.96,0.9749,0.8835,0.9199,980
2015/12/14,0.9199,0.99,0.9628,0.99,4533
2015/12/15,0.99,1,0.96,1,8124
2015/12/16,1,1.1,0.8,0.803,5846
2015/12/17,0.803,0.9701,0.803,0.94,576
2015/12/18,0.94,0.94,0.9,0.9,376
2015/12/19,0.9,0.9193,0.8935,0.8935,2153
2015/12/20,0.8935,1.065,0.8935,1.065,1380
2015/12/21,1.065,1.065,0.91,0.91,2543
2015/12/22,0.91,0.9999,0.88,0.88,6918
2015/12/23,0.88,0.9897,0.87,0.8709,498
2015/12/24,0.8709,0.8899,0.85,0.87,1216
2015/12/25,0.87,0.88,0.8569,0.88,313
2015/12/26,0.88,1,0.85,0.853,2673
2015/12/27,0.853,0.918,0.84,0.918,1168
2015/12/28,0.918,0.918,0.84,0.8749,3616
2015/12/29,0.8749,0.89,0.8433,0.86,458
2015/12/30,0.86,0.929,0.86,0.8925,3942
2015/12/31,0.8925,0.9666,0.8925,0.9488,766
2016/1/1,0.9488,0.9488,0.9184,0.92,43
2016/1/2,0.92,0.9547,0.92,0.9547,68
2016/1/3,0.9547,0.97,0.9506,0.96,485
2016/1/4,0.96,0.9644,0.9186,0.95,787
2016/1/5,0.95,0.9599,0.9409,0.9426,735
2016/1/6,0.9426,0.952,0.9292,0.95,1053
2016/1/7,0.95,0.96,0.93,0.94,1618
2016/1/8,0.94,0.985,0.94,0.985,6900
2016/1/9,0.985,0.998,0.9654,0.985,3030
2016/1/10,0.985,1,0.9902,1,1681
2016/1/11,1,1.1,1,1.076,8945
2016/1/12,1.076,1.25,1.047,1.225,27407
2016/1/13,1.225,1.225,1.07,1.137,9029
2016/1/14,1.137,1.159,1.1,1.158,2056
2016/1/15,1.158,1.33,1.158,1.199,8843
2016/1/16,1.199,1.32,1.198,1.22,8316
2016/1/17,1.22,1.31,1.206,1.31,2321
2016/1/18,1.31,1.55,1.307,1.466,49371
2016/1/19,1.466,1.466,1.22,1.22,4079
2016/1/20,1.22,1.61,1.22,1.536,7820
2016/1/21,1.536,1.61,1.403,1.54,39665
2016/1/22,1.54,1.66,1.42,1.52,11707
2016/1/23,1.52,2.03,1.389,2.03,50006
2016/1/24,2.03,2.3,1.1,2.1,130458
2016/1/25,2.1,2.88,2.05,2.5,52226
2016/1/26,2.5,2.802,2.25,2.3,117514
2016/1/27,2.3,2.8,1.878,2.418,39261
2016/1/28,2.418,2.611,2.236,2.546,15510
2016/1/29,2.546,2.61,2.21,2.413,67942
2016/1/30,2.413,2.6,2.37,2.441,8531
2016/1/31,2.441,2.54,2.2,2.2,39324
2016/2/1,2.2,2.321,2,2.165,27808
2016/2/2,2.165,2.447,2.12,2.447,20326
2016/2/3,2.447,2.539,2.301,2.53,16849
2016/2/4,2.53,2.79,2.499,2.574,37881
2016/2/5,2.574,2.59,2.47,2.565,26847
2016/2/6,2.565,2.572,2.48,2.53,14564
2016/2/7,2.53,3,2.51,3,50607
2016/2/8,3,3.238,2.75,3.16,68693
2016/2/9,3.16,3.97,3.135,3.76,112281
2016/2/10,3.76,4.979,3.5,4.35,420132
2016/2/11,4.35,6.375,3.44,6.375,237406
2016/2/12,6.375,6.471,5.053,5.27,329698
2016/2/13,5.27,5.8,4.07,5.22,309173
2016/2/14,5.22,5.41,4.5,5.2,105581
2016/2/15,5.2,5.98,4.5,5.219,157021
2016/2/16,5.219,5.439,4,4.25,149224
2016/2/17,4.25,4.779,3.5,3.862,194919
2016/2/18,3.862,4.75,3.32,4.36,160004
2016/2/19,4.36,4.75,4.062,4.449,67845
2016/2/20,4.449,4.72,4.01,4.374,59998
2016/2/21,4.374,4.63,4,4.63,96725
2016/2/22,4.63,5.84,4.5,5.6,184739
2016/2/23,5.6,6,5.32,5.7,167226
2016/2/24,5.7,6.5,5.51,6.234,203972
2016/2/25,6.234,6.64,5.55,5.93,301845
2016/2/26,5.93,6.287,5.71,6.025,94076
2016/2/27,6.025,6.5,5.75,6.311,190116
2016/2/28,6.311,6.543,6.152,6.499,88226
2016/2/29,6.499,6.625,6,6.348,104433
2016/3/1,6.348,7.6,6.251,7.59,429220
2016/3/2,7.59,9.9,7.04,8.7,467357
2016/3/3,8.7,9.94,8.3,9.352,862559
2016/3/4,9.352,9.96,8.27,9.96,908225
2016/3/5,9.96,12,9.75,11,1726260
2016/3/6,11,11.9,9.75,10.98,845841
2016/3/7,10.98,11.47,9.055,9.498,732233
2016/3/8,9.498,10.89,8.49,9.88,592001
2016/3/9,9.88,12,9.6,11.55,568223
2016/3/10,11.55,12.05,10.25,11.11,749105
2016/3/11,11.11,11.62,10.4,11.25,332692
2016/3/12,11.25,13.48,11.03,13.25,1669862
2016/3/13,13.25,15.18,12,15,1539173
2016/3/14,15,15,10.5,12.5,1909296
2016/3/15,12.5,13.45,10,13.09,978794
2016/3/16,13.09,13.75,12.8,12.92,593048
2016/3/17,12.92,13,10.2,11.14,1442272
2016/3/18,11.14,11.47,8.095,10.75,1629668
2016/3/19,10.75,11.19,9.8,10.55,512234
2016/3/20,10.55,10.85,9.521,10.06,469675
2016/3/21,10.06,11.99,9.928,11.97,819534
2016/3/22,11.97,12.2,10.95,10.96,727727
2016/3/23,10.96,12.5,10.96,12.29,654062
2016/3/24,12.29,12.48,10.84,11.13,749565
2016/3/25,11.13,11.4,10.51,10.69,555245
2016/3/26,10.69,11.38,10.58,11,265184
2016/3/27,11,11.09,10.11,10.5,465235
2016/3/28,10.5,11.83,10.3,11.58,711407
2016/3/29,11.58,11.8,11.19,11.73,472412
2016/3/30,11.73,12.13,11.21,11.88,644259
2016/3/31,11.88,12.13,11.33,11.41,469619
2016/4/1,11.41,11.89,11.27,11.63,230341
2016/4/2,11.63,11.67,11.35,11.61,109565
2016/4/3,11.61,11.64,11.46,11.58,143804
2016/4/4,11.58,11.63,10.99,11.1,368905
2016/4/5,11.1,11.26,10.01,10.39,848156
2016/4/6,10.39,11.13,10.25,10.79,347894
2016/4/7,10.79,10.8,9.898,10.08,499584
2016/4/8,10.08,10.32,9.595,9.74,345107
2016/4/9,9.74,10.05,8.997,9.156,582928
2016/4/10,9.156,9.199,7.352,8.803,1608160
2016/4/11,8.803,8.955,7.99,8.716,477247
2016/4/12,8.716,8.719,7.15,7.535,656699
2016/4/13,7.535,8.758,7.003,8.017,816613
2016/4/14,8.017,8.875,7.997,8.484,331212
2016/4/15,8.484,8.614,8.116,8.218,182732
2016/4/16,8.218,8.566,8.149,8.481,267873
2016/4/17,8.481,9.989,8.477,9.446,763315
2016/4/18,9.446,9.509,8.463,8.918,588238
2016/4/19,8.918,9.247,8.555,8.773,471842
2016/4/20,8.773,8.922,8.351,8.535,721266
2016/4/21,8.535,8.704,8.005,8.155,357687
2016/4/22,8.155,8.368,7.657,7.828,412692
2016/4/23,7.828,8.538,7.718,8.31,329479
2016/4/24,8.31,8.446,7.818,8,372438
2016/4/25,8,8.102,7.268,7.433,786134
2016/4/26,7.433,7.597,7.096,7.499,557777
2016/4/27,7.499,7.985,7.329,7.772,383755
2016/4/28,7.772,7.793,7.248,7.302,283192
2016/4/29,7.302,7.715,7.187,7.515,212926
2016/4/30,7.515,9.492,7.46,8.832,1391614
2016/5/1,8.832,9.185,8.418,8.755,396806
2016/5/2,8.755,10.43,8.754,10.03,1652336
2016/5/3,10.03,10.17,8.613,9.373,846402
2016/5/4,9.373,9.979,9.209,9.43,575918
2016/5/5,9.43,9.975,9.272,9.79,575232
2016/5/6,9.79,9.946,9.088,9.273,741537
2016/5/7,9.273,9.453,9.087,9.297,245436
2016/5/8,9.297,9.543,8.912,9.435,486475
2016/5/9,12,12,9.36,9.98,1317.9
2016/5/10,9.98,9.98,9.36,9.68,672.06
2016/5/11,9.68,10.47,9.68,10.43,3052.51
2016/5/12,10.43,12,9.92,10.2,2072.56
2016/5/13,10.2,11.59,10.2,10.69,1769.71
2016/5/14,10.69,10.98,10.01,10.25,670.55
2016/5/15,10.25,10.59,10.06,10.06,1433.64
2016/5/16,10.06,11.41,10.06,11.37,3345.92
2016/5/17,11.37,12.49,11.28,12.23,7240.04
2016/5/18,12.23,14,12.23,13.3,6130.3
2016/5/19,13.3,14.5,13.3,14.5,6077.46
2016/5/20,14.5,14.77,13.54,13.9,10944.34
2016/5/21,13.9,13.98,13.09,13.97,4069.43
2016/5/22,13.97,14.45,13.75,14.2,2865.95
2016/5/23,14.2,14.43,13.44,13.55,5266.88
2016/5/24,13.55,13.79,12.12,12.82,7947
2016/5/25,12.82,12.89,11.83,12.53,11737.45
2016/5/26,12.53,12.9,12.2,12.6,6065.53
2016/5/27,12.6,12.61,10.64,11.39,7755.79
2016/5/28,11.39,12.27,10.41,11.81,10997.83
2016/5/29,11.81,12.73,11.5,12.53,8275.37
2016/5/30,12.53,12.79,12.41,12.66,7805.15
2016/5/31,12.66,14.35,12.52,14.18,15674.97
2016/6/1,14.18,14.35,13.54,13.95,6390.06
2016/6/2,13.95,14.13,13.82,13.9,942.85
2016/6/3,13.9,16.05,13.5,14.02,11426.53
2016/6/4,14.02,14.16,13.64,13.86,4330.5
2016/6/5,13.86,13.92,13.7,13.91,787.49
2016/6/6,13.91,14.4,13.83,14.16,3665.31
2016/6/7,14.16,14.64,13.93,14.5,6686.81
2016/6/8,14.5,14.73,14.38,14.51,13512.07
2016/6/9,14.51,14.55,14.36,14.47,1827.07
2016/6/10,14.47,14.47,13.83,13.97,2607.96
2016/6/11,13.97,14.16,13.84,14.11,1327.38
2016/6/12,14.11,15.75,14.11,15.75,22319.13
2016/6/13,15.75,17.64,15.57,17.64,14199.54
2016/6/14,17.64,19.07,16.52,18.92,15418.29
2016/6/15,18.92,19.06,17.51,18.39,7858.19
2016/6/16,18.39,25.05,18.39,20.95,26153.23
2016/6/17,20.95,21.44,13.75,15.65,56219.2
2016/6/18,15.65,15.67,9,11.42,38541.26
2016/6/19,11.42,15.55,10.53,12.59,14349
2016/6/20,12.59,12.6,10.69,11.85,44972.27
2016/6/21,11.85,12.97,11.3,12.8,10773.89
2016/6/22,12.8,15.75,12.7,13.43,35749.91
2016/6/23,13.43,14.79,12.7,13.76,5147.88
2016/6/24,13.76,14.35,13.33,14.14,7828.3
2016/6/25,14.14,14.8,14.14,14.49,1050.2
2016/6/26,14.49,14.51,13.71,13.82,1066.05
2016/6/27,13.82,15.72,13.63,15.29,3796.06
2016/6/28,15.29,15.29,11.57,12.26,17413.49
2016/6/29,12.26,13,11.75,12.95,7941.36
2016/6/30,12.95,12.95,12.08,12.5,2609.25
2016/7/1,12.5,12.5,11.73,12.26,5085.21
2016/7/2,12.26,12.26,11.97,12.09,1765.73
2016/7/3,12.09,12.37,11.51,11.89,3909.02
2016/7/4,11.89,11.89,11.41,11.45,1413.04
2016/7/5,11.45,11.99,9.67,10.69,13438.7
2016/7/6,10.69,11.9,10.51,11,3600.05
2016/7/7,11,11,9.83,10.1,2702.99
2016/7/8,10.1,11.88,10.1,11.57,5714.93
2016/7/9,11.57,11.88,10.87,11.09,1975.47
2016/7/10,11.09,11.2,10.9,11.13,1557.73
2016/7/11,11.13,11.13,10.4,10.83,3726.61
2016/7/12,10.83,11.35,10.49,10.87,1963.68
2016/7/13,10.87,11.3,10.5,10.76,1800.92
2016/7/14,10.76,11.71,10.72,11.52,1985.32
2016/7/15,11.52,12.98,11.51,12.2,3977.4
2016/7/16,12.2,12.21,10.2,10.2,2574.99
2016/7/17,10.2,11.8,10.2,11.32,787.78
2016/7/18,11.32,11.79,11.15,11.15,1348.5
2016/7/19,11.15,13.47,11.13,11.97,4735.25
2016/7/20,11.97,14,11.52,12.65,7431.21
2016/7/21,12.65,13.1,12.07,13.09,6365.46
2016/7/22,13.09,14.82,12.8,14.74,11438.83
2016/7/23,14.74,15.72,14.45,14.45,3588.26
2016/7/24,14.45,15,12.32,12.34,7630.38
2016/7/25,12.34,13.75,12.34,13.75,4072.6
2016/7/26,13.75,14.15,11.96,12.24,15645.05
2016/7/27,12.24,13.45,12.03,13.34,4326.15
2016/7/28,13.34,13.34,12.66,13.29,2241.36
2016/7/29,13.29,13.29,12.72,12.98,624.5
2016/7/30,12.98,13.1,12.67,12.75,1031.85
2016/7/31,12.75,12.75,11.79,11.91,2145.8
2016/8/1,11.91,11.91,11,11.24,5498.03
2016/8/2,11.24,11.24,7.6,8.52,15825.29
2016/8/3,8.52,10.49,8.51,10.44,15559.61
2016/8/4,10.44,12.49,10.2,11.64,2336.52
2016/8/5,11.64,11.64,11,11.42,1238.55
2016/8/6,11.42,11.42,10.65,11.03,833.65
2016/8/7,11.03,11.21,10.86,11.01,852.22
2016/8/8,11.01,11.5,11.01,11.5,2419.07
2016/8/9,11.5,12.5,11.16,12.38,5027.99
2016/8/10,12.38,12.68,11.91,12.35,3789.16
2016/8/11,12.35,12.46,11.68,11.75,1781.72
2016/8/12,11.75,12.12,11.75,11.89,2333.59
2016/8/13,11.89,11.95,11.57,11.73,1628.52
2016/8/14,11.73,11.76,11.21,11.21,1008.92
2016/8/15,11.21,11.51,11.02,11.36,2833.37
2016/8/16,11.36,11.38,11.03,11.34,1448.23
2016/8/17,11.34,11.34,10.84,10.84,1566.9
2016/8/18,10.84,11.74,10.8,10.84,1719.17
2016/8/19,10.84,11,10.8,10.8,896.15
2016/8/20,10.8,11.48,10.8,11.05,1754.43
2016/8/21,11.05,11.28,11.01,11.28,310.65
2016/8/22,11.28,11.5,11.15,11.36,1609.02
2016/8/23,11.36,11.41,11.04,11.07,1140.95
2016/8/24,11.07,11.35,11.02,11.02,707.3
2016/8/25,11.02,11.35,11.02,11.22,764.66
2016/8/26,11.22,11.49,11.22,11.32,1115.02
2016/8/27,11.32,11.44,11.19,11.3,384.1
2016/8/28,11.3,11.3,11.02,11.09,338.7
2016/8/29,11.09,11.24,10.93,11.08,1845.55
2016/8/30,11.08,11.3,11.06,11.3,1988.55
2016/8/31,11.3,13.5,11.2,11.5,6153.48
2016/9/1,11.5,13.5,11.5,12.43,4992.16
2016/9/2,12.43,12.43,11.89,12.15,1520.87
2016/9/3,12.15,12.51,11.61,12,2109.78
2016/9/4,12,12.09,11.58,11.8,359.9
2016/9/5,11.8,12,11.7,11.98,650.46
2016/9/6,11.98,12,11.5,11.74,462.9
2016/9/7,11.74,11.99,11.57,11.69,873.58
2016/9/8,11.69,11.78,11.3,11.48,1646.03
2016/9/9,11.48,11.74,10.5,11.62,4024.18
2016/9/10,11.62,12,11.4,11.98,1408.05
2016/9/11,11.98,12.05,11.73,11.73,800.01
2016/9/12,11.73,11.92,11.61,11.88,1642.19
2016/9/13,11.88,12.16,11.83,11.93,3579.81
2016/9/14,11.93,12.02,11.91,12,1129.52
2016/9/15,12,12.02,11.85,12,1417.31
2016/9/16,12,12.75,11.93,12.5,3797.03
2016/9/17,12.5,12.8,12.45,12.7,1487.71
2016/9/18,12.7,12.91,12.2,12.31,2918.02
2016/9/19,12.31,13.09,12.2,13.05,4333.69
2016/9/20,13.05,14.45,13.05,14.45,7111.35
2016/9/21,14.45,14.45,12.97,13.5,3045.12
2016/9/22,13.5,14.02,12.51,13.1,2471.21
2016/9/23,13.1,13.59,12.98,13.52,2704.98
2016/9/24,13.52,13.52,12.84,12.97,1090.4
2016/9/25,12.97,13.11,12.9,13.03,82.78
2016/9/26,13.03,13.16,12.9,12.96,1741.39
2016/9/27,12.96,13.71,12.96,13.03,2867.25
2016/9/28,13.03,13.68,13.03,13.22,1334.56
2016/9/29,13.22,13.38,13.13,13.25,810.28
2016/9/30,13.25,13.44,13.14,13.21,1985.88
2016/10/1,13.21,13.41,13.13,13.28,621.82
2016/10/2,13.28,13.3,13.1,13.3,2052.47
2016/10/3,13.3,13.51,13.1,13.36,1455.65
2016/10/4,13.36,13.61,13.25,13.4,2575.01
2016/10/5,13.4,13.7,13.1,13.1,1648.1
2016/10/6,13.1,13.42,12.74,12.91,4023.44
2016/10/7,12.91,13.49,12.36,12.63,4951.49
2016/10/8,12.63,12.82,12.14,12.33,733.39
2016/10/9,12.33,12.7,12.03,12.33,744.61
2016/10/10,12.33,12.33,11.65,11.76,776.21
2016/10/11,11.76,12.22,11.73,11.73,889.99
2016/10/12,11.73,12,11.65,11.82,3710.1
2016/10/13,11.82,12.19,11.78,12.14,591.83
2016/10/14,12.14,12.15,11.87,11.93,332.89
2016/10/15,11.93,12.02,11.82,12,1697.85
2016/10/16,12,12.04,11.95,11.98,367.75
2016/10/17,11.98,12,11.82,12,425.49
2016/10/18,12,12.96,12,12.51,2545.52
2016/10/19,12.51,12.96,11.82,11.93,2602.01
2016/10/20,11.93,12.18,11.81,12.08,2486.99
2016/10/21,12.08,12.08,12,12,439.15
2016/10/22,12,12.08,12,12.04,211.94
2016/10/23,12.04,12.08,12,12.05,451.85
2016/10/24,12.05,12.05,11.85,11.98,8362.9
2016/10/25,11.98,12.2,11.11,11.59,4427.42
2016/10/26,11.59,11.87,11.35,11.5,690.31
2016/10/27,11.5,11.58,11.3,11.43,1451.78
2016/10/28,11.43,11.43,11.05,11.07,4388.98
2016/10/29,11.07,11.56,9.88,10.36,5814.95
2016/10/30,10.36,11.43,10.3,11.35,1816.99
2016/10/31,11.35,11.56,11.01,11.01,2214.4
2016/11/1,11.01,11.47,10.41,10.7,3576.69
2016/11/2,10.7,11.43,10.62,10.87,820.08
2016/11/3,10.87,11.19,10.75,10.82,1400.36
2016/11/4,10.82,11.19,10.81,11.11,390.99
2016/11/5,11.11,11.2,11.01,11.07,352.69
2016/11/6,11.11,11.15,10.89,10.89,828.38
2016/11/7,10.89,11.2,10.89,11,211.92
2016/11/8,11,11.19,10.86,10.91,2047.18
2016/11/9,10.91,10.98,10.45,10.79,3521.56
2016/11/10,10.79,11.95,10.59,10.6,1519.4
2016/11/11,10.6,10.73,10.26,10.26,1347.8
2016/11/12,10.26,10.33,9.75,10,2034.96
2016/11/13,10,10.22,9.68,10.22,1717.56
2016/11/14,10.22,10.22,9.86,10.05,579.15
2016/11/15,10.05,10.4,9.9,10.4,900.82
2016/11/16,10.4,10.4,9.94,9.96,3836.88
2016/11/17,9.96,10.36,9.93,9.98,774.43
2016/11/18,9.98,10,9.5,9.52,3954.9
2016/11/19,9.52,9.92,9.51,9.83,636.39
2016/11/20,9.83,9.86,9.5,9.5,513.86
2016/11/21,9.5,9.61,9.5,9.6,467.23
2016/11/22,9.6,10.19,9.55,9.87,2359.89
2016/11/23,9.87,9.97,9.78,9.79,878.46
2016/11/24,9.79,9.91,9.01,9.4,4791.53
2016/11/25,9.4,9.69,9.2,9.51,2518.66
2016/11/26,9.51,9.57,9.31,9.5,208.95
2016/11/27,9.5,9.87,8.9,8.91,2139.29
2016/11/28,8.91,9.41,8.77,8.77,1058.61
2016/11/29,8.77,9.02,8,8.37,2774.51
2016/11/30,8.37,9.14,8.22,8.64,1304.73
2016/12/1,8.64,8.64,8.25,8.39,2378.79
2016/12/2,8.39,8.46,7.24,7.45,14100.39
2016/12/3,7.45,8.25,7.45,8.1,9598.35
2016/12/4,8.1,8.16,7.52,7.55,780.41
2016/12/5,7.55,7.62,6.75,6.77,3813.59
2016/12/6,6.77,8.15,5.99,7.8,9025.84
2016/12/7,7.8,8.56,7.41,8.56,3612.61
2016/12/8,8.56,8.75,8.25,8.3,1103.6
2016/12/9,8.3,8.67,8.02,8.64,1241.11
2016/12/10,8.64,8.65,8.15,8.31,327.98
2016/12/11,8.31,8.56,8.1,8.46,37.17
2016/12/12,8.46,8.6,8.3,8.45,404.73
2016/12/13,8.45,8.71,8.33,8.47,1002.78
2016/12/14,8.47,8.47,8.31,8.46,1383.4
2016/12/15,8.46,8.46,7.75,7.75,1788.86
2016/12/16,7.75,7.89,7.51,7.89,785.85
2016/12/17,7.89,7.89,7.54,7.65,322.47
2016/12/18,7.65,7.98,7.65,7.93,486.17
2016/12/19,7.93,7.94,7.72,7.77,343.63
2016/12/20,7.77,7.99,7.58,7.58,726.24
2016/12/21,7.58,7.99,7.58,7.95,1782.02
2016/12/22,7.95,7.97,7.52,7.81,7949.54
2016/12/23,7.81,7.81,7.17,7.25,1590.7
2016/12/24,7.25,7.41,7.19,7.29,738.7
2016/12/25,7.29,7.29,7.2,7.22,520.38
2016/12/26,7.22,7.29,7.17,7.29,508.85
2016/12/27,7.29,7.49,7.12,7.23,576.22
2016/12/28,7.23,8.54,7.13,8.03,6024.4
2016/12/29,8.03,8.54,7.66,8.38,1426.67
2016/12/30,8.38,8.54,8.1,8.54,911.58
2016/12/31,8.54,8.54,8.08,8.1,960.73
2017/1/1,8.1,8.54,8.1,8.24,1086.41
2017/1/2,8.24,8.55,8.15,8.55,2295.84
2017/1/3,8.55,9.98,8.3,9.76,7480.04
2017/1/4,9.76,11.15,9.73,11,9804.29
2017/1/5,11,11.94,9.2,10.59,9251.79
2017/1/6,10.59,10.59,9.53,10.19,2692.91
2017/1/7,10.19,10.32,9.41,10.07,4595.48
2017/1/8,10.07,10.42,9.71,10.42,7057.56
2017/1/9,10.42,10.93,10.02,10.24,3208.09
2017/1/10,10.24,10.74,10.24,10.68,6278.68
2017/1/11,10.68,10.74,9.5,9.87,8385.73
2017/1/12,9.87,10.47,9.4,9.76,11446.77
2017/1/13,9.76,10.25,9.56,10.24,3501.79
2017/1/14,10.24,10.24,9.69,9.88,1982.09
2017/1/15,9.88,10.01,9.79,9.81,526.41
2017/1/16,9.81,10.01,9.6,9.6,3069.29
2017/1/17,9.6,10.44,9.6,10.15,7147.2
2017/1/18,10.15,10.44,10,10.25,1200.56
2017/1/19,10.25,10.73,10.19,10.45,3491.86
2017/1/20,10.45,10.72,10.45,10.72,2778.75
2017/1/21,10.72,10.93,10.64,10.86,2629.25
2017/1/22,10.86,10.92,10.64,10.76,2846.07
2017/1/23,10.76,10.77,10.71,10.77,1319.99
2017/1/24,10.77,10.77,10.57,10.57,2026.5
2017/1/25,10.57,10.71,10.48,10.66,3630.46
2017/1/26,10.66,10.71,10.51,10.71,1358.8
2017/1/27,10.71,10.76,10.51,10.68,5435.34
2017/1/28,10.68,10.7,10.58,10.58,215.89
2017/1/29,10.58,10.64,10.51,10.51,690.21
2017/1/30,10.51,10.9,10.51,10.73,31052.25
2017/1/31,10.73,10.93,10.61,10.76,33762.77
2017/2/1,10.76,10.95,10.57,10.73,77900.9
2017/2/2,10.73,10.99,10.58,10.78,114590.06
2017/2/3,10.78,10.99,10.5,10.98,111975.14
2017/2/4,10.98,11.41,10.98,11.3,6240.84
2017/2/5,11.3,11.39,11.04,11.23,1374.79
2017/2/6,11.23,11.32,11.22,11.32,1479.98
2017/2/7,11.32,11.51,11.24,11.51,2185.12
2017/2/8,11.51,11.74,11.25,11.47,2513.27
2017/2/9,11.47,11.61,10.51,11.06,8642.56
2017/2/10,11.06,11.44,10.87,11.31,6767.39
2017/2/11,11.31,11.39,11.28,11.39,2766.97
2017/2/12,11.39,11.41,11.36,11.36,3642.93
2017/2/13,11.36,11.49,11.27,11.31,4384.39
2017/2/14,11.31,13.41,11.3,12.98,28179.74
2017/2/15,12.98,13.23,12.73,13.06,16210.11
2017/2/16,13.06,13.06,12.65,12.96,1827755.14
2017/2/17,12.96,12.96,12.73,12.74,9004.9
2017/2/18,12.74,12.91,12.74,12.8,9588.47
2017/2/19,12.8,13.03,12.78,12.78,12829.45
2017/2/20,12.78,12.89,12.54,12.54,8606.06
2017/2/21,12.54,12.84,12.25,12.84,10075.25
2017/2/22,12.84,12.85,12.69,12.69,2277.14
2017/2/23,12.69,13.35,12.53,13.14,19213.15
2017/2/24,13.14,13.32,12.68,13.22,9097.76
2017/2/25,13.22,13.72,13.13,13.72,8066.92
2017/2/26,13.72,14.95,13.46,14.95,10793.79
2017/2/27,14.95,15.98,14.41,15.5,24030.06
2017/2/28,15.5,16.97,15.27,16.05,412558.43
2017/3/1,16.05,17.9,15.8,17.87,304655.91
2017/3/2,17.87,19.48,17,19.21,47518.12
2017/3/3,19.21,20.78,18.01,19.6,101699.21
2017/3/4,19.6,20.14,18.63,18.65,9311.64
2017/3/5,18.65,19.23,18.15,19.2,17130
2017/3/6,19.2,20.51,18.97,19.97,169248.33
2017/3/7,19.97,19.97,18.61,18.95,177247.46
2017/3/8,18.95,19.37,16.44,16.52,34003.3
2017/3/9,16.52,18.49,15.11,18,15452.72
2017/3/10,18,19.78,16.47,19.1,332830.87
2017/3/11,19.1,21.53,18.51,21.5,70708.17
2017/3/12,21.5,24,21.4,23.6,19543.48
2017/3/13,23.6,32,23.6,28.76,245850.24
2017/3/14,28.76,29.96,27.5,28.99,29859.26
2017/3/15,28.99,35,28.69,35,43996.77
2017/3/16,35,46.5,34.95,45.6,95182.99
2017/3/17,45.6,51.99,28.5,44.51,99319.45
2017/3/18,44.51,44.71,31,34,70039.13
2017/3/19,34,45.99,33.27,42.31,42060.19
2017/3/20,42.31,45.9,40,42,36863.4
2017/3/21,42,43.94,41.71,42.5,15711.74
2017/3/22,42.5,43.05,38.38,41.35,25858.84
2017/3/23,41.35,44,40.51,43.14,26834.47
2017/3/24,43.14,53,42.45,52.81,62530.48
2017/3/25,52.81,52.98,47.4,50.32,56774.9
2017/3/26,50.32,51.5,48.48,50.39,14596.5
2017/3/27,50.39,51.54,48,48.81,25598.01
2017/3/28,48.81,50.75,48.53,50.27,21460.44
2017/3/29,50.27,54.54,50.15,53.32,24058.06
2017/3/30,53.32,53.5,51.76,51.99,16244.75
2017/3/31,51.99,52,46.44,49.07,39781.02
2017/4/1,49.07,51.91,48.75,50.92,16087.15
2017/4/2,50.92,51.15,47.56,48.61,19260.29
2017/4/3,48.61,48.61,43,44,47001.53
2017/4/4,44,45.92,41.42,44.59,23781.12
2017/4/5,44.59,47.26,44.36,45.38,12970.36
2017/4/6,45.38,45.95,41.45,43.48,19077.14
2017/4/7,43.48,44.48,41.9,42.42,11915.96
2017/4/8,42.42,45.76,42.42,44.85,7471.49
2017/4/9,44.85,44.85,43.21,43.87,3168.79
2017/4/10,43.87,45.65,42.8,43.92,5523.11
2017/4/11,43.92,44.68,43.73,43.87,3870.56
2017/4/12,43.87,47.99,43.33,46.54,26082.3
2017/4/13,46.54,50.91,46.49,50.23,21079.14
2017/4/14,50.23,50.25,46.52,47.5,13506.66
2017/4/15,47.5,48.98,46.99,48.53,19563.32
2017/4/16,48.53,49.13,47.57,48.29,10406.79
2017/4/17,48.29,48.7,47.69,48.23,7128.97
2017/4/18,48.23,50.4,48,49.98,17442.77
2017/4/19,49.98,50.43,47.79,47.96,24277.1
2017/4/20,47.96,49.8,47.44,49.61,16186.93
2017/4/21,49.61,49.65,48.13,48.47,7741.24
2017/4/22,48.47,49.16,48.25,48.63,5359.25
2017/4/23,48.63,49.22,48.35,48.79,4244
2017/4/24,48.79,50.99,48.79,50.5,10785.38
2017/4/25,50.5,50.82,49.97,50.42,8653.88
2017/4/26,50.42,56.02,50.41,53.53,22349.65
2017/4/27,53.53,64.05,53.16,63.35,21150.87
2017/4/28,63.35,74.1,62.5,72.65,32562.5
2017/4/29,72.65,73.98,67.36,70.21,13668.14
2017/4/30,70.21,79.8,69.5,79.71,19186.26
2017/5/1,79.71,84.84,72.12,77.33,130952.09
2017/5/2,77.33,80.59,74.51,77.7,107670.73
2017/5/3,77.7,81.86,75.18,80,29233.32
2017/5/4,80,95.77,79.74,94.99,67030.48
2017/5/5,94.99,97.98,88.05,91.64,48399.04
2017/5/6,91.64,96.98,90.53,95.84,49146.76
2017/5/7,95.84,98.79,88.85,92.67,52138.21
2017/5/8,92.67,94.29,85.55,89.66,37847.94
2017/5/9,89.66,92.98,74.3,87.59,36802.7
2017/5/10,87.59,91.86,86.51,89.15,11930.97
2017/5/11,89.15,90.48,84.5,88.27,107095.97
2017/5/12,88.27,91.01,83.93,85.38,101938.7
2017/5/13,85.38,88.3,81,87.8,16288.02
2017/5/14,87.8,88.89,87.5,88.89,6225.49
2017/5/15,88.89,94.48,85,90.24,195736.59
2017/5/16,90.24,92,84,87.91,151173.6
2017/5/17,87.91,89.1,81,87,143376.53
2017/5/18,87,97,86.49,96.54,30111.88
2017/5/19,96.54,129,95.93,124.39,66937.62
2017/5/20,124.39,128.5,121.14,123.2,34838.56
2017/5/21,123.2,150,122.5,146.77,53609.26
2017/5/22,146.77,175,136.33,166.68,152680.7
2017/5/23,166.68,173.25,157,170,99089.38
2017/5/24,170,200,168.74,192.75,148446.92
2017/5/25,192.75,217.88,157.68,180.78,146233.71
2017/5/26,180.78,195,143.25,165.14,131710.79
2017/5/27,165.14,172,120.1,159.23,109646.5
2017/5/28,159.23,182.36,159.23,174,57782.49
2017/5/29,174,197.9,167.01,194.99,61601.23
2017/5/30,194.99,231.8,186.15,228.71,151882.4
2017/5/31,228.71,234,215,228.99,131779.56
2017/6/1,228.99,234,205.26,220.07,125350.76
2017/6/2,220.07,224.99,213.5,222.78,81448.32
2017/6/3,222.78,227,219,224.5,41639.97
2017/6/4,224.5,248.99,224.5,245.9,50112.03
2017/6/5,245.9,248.98,240,248.37,50037.97
2017/6/6,248.37,268.85,245.98,267.44,83824.46
2017/6/7,267.44,267.48,246.12,256.02,46863.53
2017/6/8,256.02,261.83,248,261.04,85525.81
2017/6/9,261.04,280.37,260.01,280.21,65933.54
2017/6/10,280.21,344.01,279.99,331.22,93171.47
2017/6/11,331.22,346.99,309,339,58874.67
2017/6/12,339,418.5,310,394.9,156872.57
2017/6/13,394.9,398.92,356,389.19,89055.95
2017/6/14,389.19,393,310,341.52,174703.56
2017/6/15,341.52,346.96,250,341.82,254739.05
2017/6/16,341.82,357.01,314.28,348,89412.59
2017/6/17,348,368.61,335.32,368.61,58920.52
2017/6/18,368.61,378.85,337.29,351.01,70306.99
2017/6/19,351.01,361.53,347.16,358.76,53267.9
2017/6/20,358.76,365,321,350,106539.35
2017/6/21,350,352,280,324.29,176262.61
2017/6/22,324.29,333.64,307.52,319.68,100754.93
2017/6/23,319.68,330.53,319.39,326.75,62030.87
2017/6/24,326.75,330.86,300.01,304.8,63424.4
2017/6/25,304.8,310,251.49,278.73,118213.95
2017/6/26,278.73,299.9,210,253,249076.24
2017/6/27,253,288.17,210.02,286.21,173179.4
2017/6/28,286.21,324.95,260.49,317.59,184030.56
2017/6/29,317.59,322.84,285.23,293.8,152271.32
2017/6/30,293.8,304.94,270.77,280.8,146545.22
2017/7/1,280.8,283,252.6,261.99,163332.57
2017/7/2,261.99,293.65,255.38,283.99,112725.96
2017/7/3,283.99,284.82,273.03,277,126650.75
2017/7/4,277,282,266,270,140335.27
2017/7/5,270,273.89,253.27,266.76,161945.75
2017/7/6,266.76,274,260.18,266.17,143510.61
2017/7/7,266.17,266.56,235.02,240.4,184201.98
2017/7/8,240.4,248,230.4,245.44,164101
2017/7/9,245.44,253.31,237.02,237.72,101905.45
2017/7/10,237.72,240.33,188.14,203.35,226172.48
2017/7/11,203.35,215.96,175.5,190.11,290012.82
2017/7/12,190.11,225.72,182.01,224.5,248222.74
2017/7/13,224.5,226.65,192.25,205.85,192769.75
2017/7/14,205.85,207.5,181.2,197.03,182149.21
2017/7/15,197.03,198.52,168,168.82,198488.57
2017/7/16,168.82,171.86,132,155.38,360853.19
2017/7/17,155.38,191.52,153,191.51,243506.33
2017/7/18,191.51,262.99,178,226.19,401689.43
2017/7/19,226.19,246.8,190,194.99,339447.25
2017/7/20,194.99,236.09,194.98,228.88,292474.73
2017/7/21,228.88,237.97,208.69,216.81,162360.33
2017/7/22,216.81,237.43,215.99,232,142040.47
2017/7/23,232,235.93,220.12,229.08,153142.83
2017/7/24,229.08,230.61,223.32,225.91,115416.19
2017/7/25,225.91,226.56,191,202.71,264069.32
2017/7/26,202.71,209,191,202.78,154896.38
2017/7/27,202.78,206.88,198.56,202.7,118820.56
2017/7/28,202.7,203.98,190,191.24,125224.7
2017/7/29,191.24,209.81,176,205.17,193653.07
2017/7/30,205.17,210,193,195.64,132745.47
2017/7/31,195.64,202.98,190.07,201.79,144605.78
2017/8/1,201.79,232,201.53,225.72,204704.62
2017/8/2,225.72,228.91,215.31,217.98,83277.01
2017/8/3,217.98,228.72,217.98,224.02,83325.94
2017/8/4,224.02,227.65,218,219.11,102629.34
2017/8/5,219.11,260.03,217.97,253.7,223906.21
2017/8/6,253.7,271.87,247.83,264.17,171646.45
2017/8/7,264.17,274.88,255.13,269.58,104572.8
2017/8/8,269.58,299.99,266.5,296.53,134176.17
2017/8/9,296.53,315.49,277.81,295.72,255087.64
2017/8/10,295.72,310,289,298.05,112670.04
2017/8/11,298.05,309.99,295.3,308.77,88835.52
2017/8/12,308.77,320,304,307.22,132468.05
2017/8/13,307.22,308.3,287.03,295.45,149358.68
2017/8/14,295.45,305,289.02,298.39,129935.54
2017/8/15,298.39,299.02,271,286.46,180656.32
2017/8/16,286.46,302.07,280.25,301,94204.1
2017/8/17,301,310,298,300.95,92386.87
2017/8/18,300.95,306.02,285,292.33,88828.3
2017/8/19,292.33,298.14,285.1,292.94,117238.43
2017/8/20,292.94,297.97,288,297.39,88084.86
2017/8/21,297.39,343.96,293.6,321.98,215598.48
2017/8/22,321.98,328.02,292.73,314.03,165310.98
2017/8/23,314.03,325.64,313.56,317.74,108934.79
2017/8/24,317.74,328.7,315.53,324.79,107215.83
2017/8/25,324.79,338.2,324,331.33,102655.62
2017/8/26,331.33,331.33,331.33,331.33,0
2017/8/27,331.33,347.96,331.13,347.8,58942.54
2017/8/28,347.8,350,337.5,348.17,112604.1
2017/8/29,348.17,374.35,345.28,372.02,165297.18
2017/8/30,372.02,390.85,368,384,150439.19
2017/8/31,384,390.01,380,388.48,108500.54
2017/9/1,388.48,398.07,387.41,392.13,89903.04
2017/9/2,392.13,393.21,333,354.39,207265.68
2017/9/3,354.39,371.48,339.41,352.18,104014.06
2017/9/4,352.18,352.18,280,301.73,212736.84
2017/9/5,301.73,304.43,262.88,262.88,14098.61
2017/9/6,317.62,341.24,316.64,339.12,102864.62
2017/9/7,339.12,340,322.08,335,65719.35
2017/9/8,335,335.08,290,307.98,134480.96
2017/9/9,307.98,309.95,293.64,302.83,54638.73
2017/9/10,302.83,305.35,283.48,299.84,78995.93
2017/9/11,299.84,308.49,287.01,298.36,80234.78
2017/9/12,298.36,317.31,286,293.8,98061.29
2017/9/13,293.8,294.5,256.77,275.49,169610.7
2017/9/14,275.49,280.49,222.09,223.41,247630.07
2017/9/15,223.41,268.74,200,258.48,294160.02
2017/9/16,258.48,270,247.32,255.01,46314.91
2017/9/17,255.01,268,241.25,260.02,48550.98
2017/9/18,260.02,300.77,260.02,297.8,118430.33
2017/9/19,297.8,300.31,276,283.01,88727.6
2017/9/20,283.01,293.89,278,282.62,47654.57
2017/9/21,282.62,286.56,251.12,258.5,104271.31
2017/9/22,258.5,270.98,254.51,263.38,45405.14
2017/9/23,263.38,286.27,258.99,285.53,29792.66
2017/9/24,285.53,294,274.95,282.94,31934.7
2017/9/25,282.94,297.27,282.51,293.84,37721.22
2017/9/26,293.84,295.52,287,288.01,21923.64
2017/9/27,288.01,311.72,287.56,309.88,47287.99
2017/9/28,309.88,310.11,297.88,302.41,39043.7
2017/9/29,302.41,304.15,278,293.24,55100.11
2017/9/30,293.24,304.96,293.17,301.27,14926.85
2017/10/1,301.27,303,295,302.9,11908.69
2017/10/2,302.9,302.9,292.29,296.22,29156.8
2017/10/3,296.22,300.95,286.37,291.78,35081.83
2017/10/4,291.78,296.03,289,291.48,33792.44
2017/10/5,291.48,297.01,286.46,294.28,16539.28
2017/10/6,294.28,305.57,293.81,305.57,20575.09
2017/10/7,305.57,313,304.51,311.82,12178.96
2017/10/8,311.82,314.56,308.53,308.81,18581.62
2017/10/9,308.81,309.21,285.39,295.98,52208.1
2017/10/10,295.98,304.97,291.21,298.46,18506.11
2017/10/11,298.46,303.77,297.5,302.5,23785.16
2017/10/12,302.5,307.27,301.01,302.76,40036.94
2017/10/13,302.76,346.98,299,336.64,82601.81
2017/10/14,336.64,346.51,333.36,337.33,21915.31
2017/10/15,337.33,340.73,319.51,336.49,29926.06
2017/10/16,336.49,350,330,333.77,36281.3
2017/10/17,333.77,334.18,308.78,316.21,63277.02
2017/10/18,316.21,316.21,287.99,313.94,66217.62
2017/10/19,313.94,317.03,304.19,308,25441.33
2017/10/20,308,311.76,302,303.77,29352.43
2017/10/21,303.77,303.77,291.22,300.01,26061.83
2017/10/22,300.01,306,291.56,294.32,17691.69
2017/10/23,294.32,294.54,275.51,286.25,47239.96
2017/10/24,286.25,313,280,296.35,51035.77
2017/10/25,296.35,304,289,296.45,23785.01
2017/10/26,296.45,301.86,293,296.06,13595.96
2017/10/27,296.06,299.17,292.91,296.66,8122.91
2017/10/28,296.66,297.84,292,294.21,9250.73
2017/10/29,294.21,310,294,303.22,19998.76
2017/10/30,303.22,309.42,303.05,306.5,11484.23
2017/10/31,306.5,309.76,303.49,303.49,15328.63
2017/11/1,303.49,304.79,289,290.4,34467.98
2017/11/2,290.4,293,277.24,285.31,66309.96
2017/11/3,285.31,308,282.72,305.75,30525.24
2017/11/4,305.75,305.87,295,302,9250.88
2017/11/5,302,302,295,296.04,7882.89
2017/11/6,296.04,305.02,290.49,297.54,31571.15
2017/11/7,297.54,303.5,288,292.25,44708.02
2017/11/8,292.25,319.98,289.27,307.21,83017.93
2017/11/9,307.21,331.23,305.57,320.5,51669.57
2017/11/10,320.5,326,290,298.01,54138.08
2017/11/11,298.01,321.2,297.51,314,36235.16
2017/11/12,314,319,299.5,306.47,64763.35
2017/11/13,306.47,318.63,305.36,314.5,35099.68
2017/11/14,314.5,337.16,312.71,335.39,61700.92
2017/11/15,335.39,340,325,331.68,58810.31
2017/11/16,331.68,335,322.31,330.01,33830.83
2017/11/17,330.01,334.55,326,331.4,20098.81
2017/11/18,331.4,349,326.32,347.37,25481.32
2017/11/19,347.37,373.21,344.89,355,31358.31
2017/11/20,355,373.1,354.62,368.24,38172.44
2017/11/21,368.24,375,350,361,75104.12
2017/11/22,361,381.31,360.87,381,34225.28
2017/11/23,381,428.07,375.16,406.68,82751.93
2017/11/24,406.68,479.99,400.08,470.52,92073.22
2017/11/25,470.52,484.6,456,465.51,53455.5
2017/11/26,465.51,471.84,450,469.8,38623.82
2017/11/27,469.8,489,460.1,477.26,52892.52
2017/11/28,477.26,479,457.9,468.24,52075.92
2017/11/29,468.24,515.61,418,435.26,99839.22
2017/11/30,435.26,470.13,395,433.84,145126.01
2017/12/1,433.84,467.96,413.95,463.5,52796.18
2017/12/2,463.5,471,449.29,457.03,41997.48
2017/12/3,457.03,481,445.01,464,36994.08
2017/12/4,464,471.88,446.09,467.5,31152.74
2017/12/5,467.5,469.5,450,459.81,41944.41
2017/12/6,459.81,463,415,421.27,93347.59
2017/12/7,421.27,436.81,400.01,423.48,95522.06
2017/12/8,423.48,463,413.99,453.68,107044.24
2017/12/9,453.68,502,450.1,473.35,59655.65
2017/12/10,473.35,473.49,429,440.16,82507.18
2017/12/11,440.16,519.23,439,515.99,73689.51
2017/12/12,515.99,685.09,495,671.51,170207.04
2017/12/13,671.51,758,600,703.2,179202.2
2017/12/14,703.2,755,661.5,698.18,110813.78
2017/12/15,698.18,699,615,688.95,110930.45
2017/12/16,688.95,711.48,680,696.26,41623.06
2017/12/17,696.26,739.57,692.78,721.52,36680.94
2017/12/18,721.52,798.69,685.02,787.1,80206.4
2017/12/19,787.1,872,770,820.83,125465.47
2017/12/20,820.83,832.32,720,805,127748.84
2017/12/21,805,841.45,765.12,797.76,98873.87
2017/12/22,797.76,802.69,480,672.46,293412.72
2017/12/23,672.46,764.95,660,722.01,65218
2017/12/24,722.01,728.73,601.32,690.92,92061.2
2017/12/25,690.92,755.7,682.77,729.01,52438.7
2017/12/26,729.01,764.67,728.05,754.79,47195.94
2017/12/27,754.79,765.8,706.14,739.67,54363.85
2017/12/28,739.67,743.36,676,720.23,75191.53
2017/12/29,720.23,752,708,746.32,53036.98
2017/12/30,746.32,749.91,692,697,41800.8
2017/12/31,697,744,692.11,736.11,26891.55
2018/1/1,736.11,760,719,750.77,35343.63
2018/1/2,750.77,877,750.77,859.98,99445.53
2018/1/3,859.98,950,847.65,940,115126.42
2018/1/4,940,999,905,947.88,108386.15
2018/1/5,947.88,1020,931.4,968.33,87910.32
2018/1/6,968.33,1007,963.5,1004.9,45005.17
2018/1/7,1004.9,1115.12,1000,1115.11,67335.3
2018/1/8,1115.11,1231.12,960.42,1135.25,138201.78
2018/1/9,1135.25,1303.06,1128,1292.25,94368.75
2018/1/10,1292.25,1387,1205,1251.81,108128.15
2018/1/11,1251.81,1335,1100,1139,112094.24
2018/1/12,1139,1280,1000,1259.74,78324.2
2018/1/13,1259.74,1420.01,1205,1381.85,64476.78
2018/1/14,1381.85,1387,1270,1360.53,43362.66
2018/1/15,1360.53,1378.5,1261.98,1274.09,39594.63
2018/1/16,1274.09,1284.02,865,1069.51,167187.17
2018/1/17,1069.51,1127.1,758.59,1026.6,238715.97
2018/1/18,1026.6,1104,953.8,1024.11,141198.15
2018/1/19,1024.11,1105,997.5,1039.82,79505.54
2018/1/20,1039.82,1164,1039.82,1149.68,59630.88
2018/1/21,1149.68,1150,1010,1049.92,39134.9
2018/1/22,1049.92,1080,915,998,81226.74
2018/1/23,998,1022,906.11,986.19,83861.53
2018/1/24,986.19,1064.49,956,1060,60791.71
2018/1/25,1060,1103,1009.95,1044,59903.99
2018/1/26,1044,1075.65,985,1048,55153.99
2018/1/27,1048,1122.29,1032.01,1106,41650.94
2018/1/28,1106,1228,1091.11,1223.6,48844.53
2018/1/29,1223.6,1228.88,1138.66,1165,44723.5
2018/1/30,1165,1169.1,1020,1052.95,94698.91
2018/1/31,1052.95,1116,1013,1101.69,75773.48
2018/2/1,1101.69,1148.66,934.38,1021.9,105785
2018/2/2,1021.9,1021.9,735,914.12,195221.4
2018/2/3,914.12,994.9,844.85,970,52928.34
2018/2/4,970,970,779,823.53,67540.68
2018/2/5,823.53,855,606,692.32,219924.79
2018/2/6,692.32,813.99,564,785.01,223470.92
2018/2/7,785.01,862,720.01,750.91,96641.84
2018/2/8,750.91,845,750,812.64,52921.42
2018/2/9,812.64,882,780.01,879.49,54621.69
2018/2/10,879.49,910,817.2,852,50593.33
2018/2/11,852,858.63,780.1,812.56,29061.85
2018/2/12,812.56,874.97,810.09,866.27,40211.13
2018/2/13,866.27,869.08,825,840.58,23427.43
2018/2/14,840.58,925,840.01,920.81,39389.31
2018/2/15,920.81,949.67,905.49,927.97,34269.48
2018/2/16,927.97,946.71,910,937.7,22379.64
2018/2/17,937.7,978.53,935,976.98,20721.18
2018/2/18,976.98,983,909.98,915.81,24315.61
2018/2/19,915.81,955,909,939.6,11128.68
2018/2/20,939.6,959,876,885.22,30426.92
2018/2/21,885.22,906.03,815.89,840.01,39257.84
2018/2/22,840.01,870,788,803.9,42139.77
2018/2/23,803.9,881.55,787.71,856.58,30686.51
2018/2/24,856.58,876.43,810.18,833.09,21959.6
2018/2/25,833.09,849.94,818,840.87,14394.36
2018/2/26,840.87,878.25,836.32,866.45,20725.42
2018/2/27,866.45,894.9,860,870.5,23933.63
2018/2/28,870.5,888,847.59,849.81,17074.33
2018/3/1,849.81,879,843.99,868.75,19838.26
2018/3/2,868.75,876,847.5,855.3,20864.96
2018/3/3,855.3,866.08,850,854.6,6303.67
2018/3/4,854.6,867,835.32,862.9,9938.95
2018/3/5,862.9,870.15,848,848.03,10963.3
2018/3/6,848.03,849.65,802,813.12,23031.64
2018/3/7,813.12,824.97,724,749.89,48766.14
2018/3/8,749.89,771.43,686.7,696.99,45464.1
2018/3/9,696.99,730.38,640,727,56567.05
2018/3/10,727,749.49,676.56,682.57,19049.54
2018/3/11,682.57,734.93,670.73,720.2,12974.05
2018/3/12,720.2,739,676.22,697.28,22759.7
2018/3/13,697.28,714,679.89,690.34,24321.07
2018/3/14,690.34,704.85,583.01,613.42,53931.29
2018/3/15,613.42,623.7,570.29,611.24,55802.74
2018/3/16,611.24,625.16,584.55,601.38,37047.02
2018/3/17,601.38,604.55,570,570,4472.14
2018/3/18,570,570,570,570,0
2018/3/19,538.2,558.91,512.5,555.1,92172.2
2018/3/20,555.1,568.09,516.48,558.09,66496.89
2018/3/21,558.09,593,545,560.21,37535.58
2018/3/22,560.21,577.95,516.86,539.49,32072.36
2018/3/23,539.49,543,507.08,543,32383.61
2018/3/24,543,545,519.18,519.98,10951.06
2018/3/25,519.98,535,512.59,522.57,14923.99
2018/3/26,522.57,525.8,466,486.22,43337.8
2018/3/27,486.22,492.31,447,449.77,52965.58
2018/3/28,449.77,465.09,440,445.52,42334.11
2018/3/29,445.52,448.97,380,382.42,104554.77
2018/3/30,382.42,411,363,393.81,78815.9
2018/3/31,393.81,420.01,389.22,393.84,30482.24
2018/4/1,393.84,399.76,358.88,378.55,43415.4
2018/4/2,378.55,393.69,373,384.94,31255.42
2018/4/3,384.94,418.69,377.71,415.49,40997.88
2018/4/4,415.49,417.21,370,378.05,38209.23
2018/4/5,378.05,386.99,365.28,380.99,35896.68
2018/4/6,380.99,386,363.91,369.08,29959.24
2018/4/7,370.2,395,370.19,384.92,11512.38
2018/4/8,384.92,404,384.5,400.94,11853.22
2018/4/9,400.94,430.61,388,398.88,46634.18
2018/4/10,398.88,418.68,391.14,415.01,19840.83
2018/4/11,415.01,433.33,410.43,429.98,24763.33
2018/4/12,429.98,498.25,400,494.14,99897.39
2018/4/13,494.14,529,481.27,495.2,60605.24
2018/4/14,495.2,514,486.97,502.21,15541.98
2018/4/15,502.21,534,502.21,534,21791.38
2018/4/16,534,538,498.98,511.49,25705.75
2018/4/17,511.49,520.91,499.72,502.68,28233.22
2018/4/18,502.68,526.21,500.95,525.26,25461.41
2018/4/19,525.26,568.79,521.07,566.26,30570.46
2018/4/20,566.26,624.99,557.24,618.13,48169.69
2018/4/21,617.01,624.08,575,605.76,18954.35
2018/4/22,605.76,642.9,591.47,621.26,24269.56
2018/4/23,621.26,647.85,618.41,643,31204.61
2018/4/24,643,710,642.99,703.72,54576.83
2018/4/25,703.72,703.78,595.55,617.5,80327.39
2018/4/26,617.5,665,599.38,661.08,38857.67
2018/4/27,661.08,685.56,640.04,643.09,29371.5
2018/4/28,643.09,692.98,640,682.85,16488.74
2018/4/29,682.85,699,666,689.69,13424.74
2018/4/30,689.69,693.82,661.18,669.58,24575.94
2018/5/1,669.58,674.89,628.24,669.5,34913
2018/5/2,669.5,689.29,661.8,685.07,26928.62
2018/5/3,685.07,784.99,684.82,774.98,51108.67
2018/5/4,774.98,802.86,758.63,781.28,32503.11
2018/5/5,781.28,824,777.22,815.15,21938.98
2018/5/6,815.15,833,749.18,785.76,25691.55
2018/5/7,785.76,790.76,691.92,751.28,61983.59
2018/5/8,751.28,775,720,747.29,30515.04
2018/5/9,747.29,760.64,700,750.82,43688.79
2018/5/10,750.82,767,719,722.95,33511.17
2018/5/11,722.95,736.23,665.68,677.32,48905.08
2018/5/12,684.66,691.41,640,683.5,20111.67
2018/5/13,683.5,739.76,670.01,729.3,15194.32
2018/5/14,729.3,741.72,685,728.15,49983.58
2018/5/15,728.15,738,694.16,706.11,37570.44
2018/5/16,706.11,710.53,677.08,706.95,24115.77
2018/5/17,706.95,718.76,661.01,668.8,27612.22
2018/5/18,668.8,692,657.02,691.14,33015.5
2018/5/19,691.14,715.96,670,696.64,19925.33
2018/5/20,696.64,722.92,687,713.5,11474.08
2018/5/21,713.5,717.81,686.76,696.21,13934.72
2018/5/22,696.21,699,636.3,642,33077.83
2018/5/23,642,648.69,553.16,573.94,56677.77
2018/5/24,573.94,609.77,545,602.08,49901.47
2018/5/25,602.08,615.99,569,584.6,33677.89
2018/5/26,584.6,606.1,568.58,584.8,14856.61
2018/5/27,584.8,591.19,556.82,569.23,12215.74
2018/5/28,569.23,574,506.82,511.37,28579.83
2018/5/29,511.37,572.73,511,566.72,30245.98
2018/5/30,566.72,585,542,557.11,39761.01
2018/5/31,557.11,584.99,552.99,577.3,24802.46
2018/6/1,577.3,588.61,564.01,578.75,18253.67
2018/6/2,578.75,599.95,574,590.62,13449.28
2018/6/3,590.62,628,590,618.49,7111.58
2018/6/4,618.49,624.84,579.12,590.66,17216.66
2018/6/5,590.66,612,575,607.31,28188.74
2018/6/6,607.31,611.81,592.84,605.79,15494.85
2018/6/7,605.79,615.42,598.18,604.83,21349.52
2018/6/8,604.83,607,591.28,602.61,19313.03
2018/6/9,602.61,608.92,590,592.69,7962.7
2018/6/10,592.69,592.69,503.72,525,28900.21
2018/6/11,525,536.01,507.69,531.59,33430.06
2018/6/12,531.59,538.21,485,494.57,46178.16
2018/6/13,494.57,502.37,450.84,477.4,64492.44
2018/6/14,477.4,526.1,460,519.82,53021.94
2018/6/15,519.82,520.98,482.84,487.52,59253.94
2018/6/16,487.52,502.52,484.17,497.72,10599.44
2018/6/17,497.72,507.88,493.76,496.58,6931.37
2018/6/18,496.58,524.44,487.32,517.47,15201.88
2018/6/19,517.47,547,514.2,539.82,18910.4
2018/6/20,539.82,541.3,517.1,536.4,17161.81
2018/6/21,536.4,545,521.8,525.33,12296.34
2018/6/22,525.33,525.52,450,463.32,56383.04
2018/6/23,463.32,480.33,457.4,474.78,10043.18
2018/6/24,474.78,476.15,420.32,455.35,68470.38
2018/6/25,455.35,472.75,444.8,457.94,27319.73
2018/6/26,457.94,461,429.41,429.41,27954.51
2018/6/27,429.41,445.45,418.85,441.64,28083.65
2018/6/28,441.64,444,416.87,420.4,16710.44
2018/6/29,420.4,442.73,403.19,434.86,45574.07
2018/6/30,434.86,461,434.86,453.67,12069.9
2018/7/1,453.67,455.92,444.65,452.09,7599.54
2018/7/2,452.09,481.9,444.05,476.74,18843.86
2018/7/3,476.74,485.67,457.6,461.96,29623.12
2018/7/4,461.96,481.6,451.22,467.15,18529.57
2018/7/5,467.15,478.07,457.75,467.94,20345.42
2018/7/6,467.94,475,450.04,467.48,10534.54
2018/7/7,468.3,486.3,461.31,486,6993.76
2018/7/8,486,495,481.01,485.87,11453.83
2018/7/9,485.87,487.88,468.84,471.04,13527.26
2018/7/10,471.04,473.57,427.11,433.12,32401.13
2018/7/11,433.12,447.3,425.08,445.58,13090.01
2018/7/12,445.58,445.72,418.47,430.98,11187.93
2018/7/13,430.98,441.95,425.16,431,10318.9
2018/7/14,431,440.57,428.7,433.59,2637.64
2018/7/15,433.59,454.27,431.32,448.77,5393.66
2018/7/16,448.77,480,444,478.71,14288.66
2018/7/17,478.71,511.11,465.53,499.11,33954.57
2018/7/18,499.11,515.88,470.1,478.81,25198.37
2018/7/19,478.81,483.36,462.06,468.83,19429.74
2018/7/20,468.83,469.22,441,450.24,25191.64
2018/7/21,450.24,467.97,442.5,461.39,4364.32
2018/7/22,461.39,471.22,453.94,457.21,3464.49
2018/7/23,457.21,469,446.34,449,12500.04
2018/7/24,449,484.56,447.91,480.34,18722.12
2018/7/25,480.34,485,463.04,470.8,8567.79
2018/7/26,470.8,483.99,458.97,462,10598.61
2018/7/27,462,473.49,455.29,468.8,13463.38
2018/7/28,468.8,471.42,460.23,467.88,2999.92
2018/7/29,467.88,470.91,462,466.04,2149.9
2018/7/30,466.04,469.02,445,456.1,15375.08
2018/7/31,456.1,462.04,421.33,431.63,20067.34
2018/8/1,431.63,434.39,407.49,419.1,18557.89
2018/8/2,419.1,423.92,407,410.9,28811.92
2018/8/3,410.9,419.25,398.08,417.43,14130.75
2018/8/4,417.43,420,400.94,406.18,4851.35
2018/8/5,406.18,413.16,400,408.82,5477.61
2018/8/6,408.82,414,401,404.78,9726.21
2018/8/7,404.78,410.2,369,377.7,18717.11
2018/8/8,377.7,380.73,347.66,355.4,33433.65
2018/8/9,355.4,370.29,351.3,363.25,17904.22
2018/8/10,363.25,365.76,325,328.15,26979.48
2018/8/11,328.15,328.15,304.49,308.09,24219.2
2018/8/12,308.09,308.09,308.09,308.09,0
2018/8/13,318.34,322.29,281.18,284.17,56863.44
2018/8/14,284.17,284.25,250.33,278.49,93169.13
2018/8/15,278.49,304.75,277.01,281.28,46300.13
2018/8/16,281.28,299.03,278,287.22,29041.78
2018/8/17,287.22,317.49,285.62,317.18,65350.85
2018/8/18,317.18,321.08,283,294.7,20473.65
2018/8/19,294.7,306.85,289.13,299.88,26372.15
2018/8/20,299.88,303.82,269.19,270.76,27619.18
2018/8/21,270.76,285.68,269.35,280.86,20469.11
2018/8/22,280.86,298.67,259.49,270.32,72522.34
2018/8/23,270.32,280.75,268.17,275.62,24799.66
2018/8/24,275.62,283,270.02,282.08,21744.55
2018/8/25,282.08,282.78,276.79,277.74,8080.58
2018/8/26,277.74,277.74,269.61,274.39,8384.27
2018/8/27,274.39,288.38,271.63,287.82,21011.57
2018/8/28,287.82,297.53,282.88,295.24,21287.73
2018/8/29,295.24,297,284.3,288.52,15506.05
2018/8/30,288.52,290.98,272.51,284.14,20165.39
2018/8/31,284.14,284.8,276.65,281.61,12389.62
2018/9/1,281.61,302,280.34,295.19,16593.04
2018/9/2,295.19,299.61,289,294.24,8569.62
2018/9/3,294.24,296.45,285.24,288.73,11418.55
2018/9/4,288.73,291.97,280.56,284.78,31791.19
2018/9/5,284.78,287.64,226.43,227.86,53240.67
2018/9/6,227.86,235,210,229.25,83379.91
2018/9/7,229.25,234.04,210.07,215.3,50477.22
2018/9/8,215.3,219.51,186,196.87,51058.59
2018/9/9,196.87,208.11,175.7,196.29,74845.25
2018/9/10,196.29,202.52,186.65,196.9,38348.96
2018/9/11,196.9,198.95,176.01,184.9,49548.48
2018/9/12,184.9,184.9,167.49,182.6,78002.93
2018/9/13,182.6,214.94,182.6,211.54,53414.83
2018/9/14,211.54,224.79,202.65,215.41,48592.29
2018/9/15,215.41,226.86,211,222.07,14289.41
2018/9/16,222.07,223.58,207.99,220.37,8736.26
2018/9/17,220.37,224.88,192.21,196.5,54702.68
2018/9/18,196.5,214.38,193.27,208.35,50157.68
2018/9/19,208.35,214.5,197.24,209.71,33120.16
2018/9/20,209.71,230.78,206.65,224.8,28139.04
2018/9/21,224.8,253.46,221.12,248.02,75388.68
2018/9/22,248.02,255.22,232.73,240.17,14325.63
2018/9/23,240.17,248.99,236.82,244.15,27853.48
2018/9/24,244.15,246.36,225.04,228,22588.86
2018/9/25,228,228,203.2,219.11,38700.94
2018/9/26,219.11,222.49,207.35,213.96,26825.15
2018/9/27,213.96,234.11,210,228.71,50381.6
2018/9/28,228.71,233.27,213.74,221.48,28443.28
2018/9/29,221.48,235.71,213.01,231.57,9403.98
2018/9/30,231.57,238.42,225.95,232.21,7020.62
2018/10/1,232.21,234.87,224.01,230.24,18619.7
2018/10/2,230.24,230.8,221.86,224.81,21163.9
2018/10/3,224.81,225.84,214.41,219.2,28841.06
2018/10/4,219.2,225,218.26,221,17976.96
2018/10/5,221,230.11,218.86,226.13,14787.41
2018/10/6,226.13,227.22,221.56,224.44,3666.12
2018/10/7,224.44,225.91,220.35,224.92,3905.32
2018/10/8,224.92,230.54,222.65,227.75,19313.78
2018/10/9,227.75,229.36,224.96,226.51,18767.37
2018/10/10,226.51,230,221.6,224,24732.11
2018/10/11,224,224,185.29,188.39,66492.88
2018/10/12,188.39,197.84,186.76,194.12,39371.41
2018/10/13,194.12,198.5,193.66,197,5299.46
2018/10/14,197,201.1,189.19,191.55,9538.28
2018/10/15,191.55,221.57,190,204.26,81720.95
2018/10/16,204.26,204.26,203.53,203.53,0
2018/10/17,205.64,206.5,201.35,203.27,10623.73
2018/10/18,203.27,205.32,196.97,199.15,24104.17
2018/10/19,199.15,201.53,197.46,200.69,13195.16
2018/10/20,200.69,204.55,200.5,202.69,12581.98
2018/10/21,202.69,205.89,201.49,202.05,5136.2
2018/10/22,202.05,203.1,199.7,201.02,17044.2
2018/10/23,201.02,202.04,197.71,201.14,10931.46
2018/10/24,201.14,203.14,200.25,200.71,13769.6
2018/10/25,200.71,200.94,195,199.64,24931.58
2018/10/26,199.64,204,198.52,200.66,14026.93
2018/10/27,200.66,201.58,200.25,201.44,3912.18
2018/10/28,201.44,203.08,201.02,202.46,5388.28
2018/10/29,202.46,202.67,190.52,194.25,25379.04
2018/10/30,194.25,196.28,192.56,195.36,12082.55
2018/10/31,195.36,198.99,192,196.95,21466.61
2018/11/1,196.95,198.24,195.56,197.75,10366.27
2018/11/2,197.75,202.21,197.65,199.65,14096.93
2018/11/3,199.65,199.94,198.01,198.39,4257.41
2018/11/4,198.39,217.55,198.01,210.1,16616.73
2018/11/5,210.1,211.27,205.63,208.55,16885.08
2018/11/6,208.55,218.88,207.09,218.54,31071.27
2018/11/7,218.54,222.78,215.27,216.51,20298.29
2018/11/8,216.51,217.98,209.76,209.99,25733.18
2018/11/9,209.99,212.07,206.45,208.2,9001.27
2018/11/10,208.2,212.58,207.85,210.47,2462.72
2018/11/11,210.47,210.99,206,209.88,6833.15
2018/11/12,209.88,211.93,207.1,208.74,7960.87
2018/11/13,208.74,208.74,203,203.31,11259.82
2018/11/14,203.31,204.85,165,178.26,93164.97
2018/11/15,178.26,181.09,165.35,178.64,40643.15
2018/11/16,178.64,179.86,169,172.74,39847.33
2018/11/17,172.58,174.99,170.58,172.49,11180.47
2018/11/18,172.49,179.55,171.76,175.62,12417.16
2018/11/19,175.62,175.79,142.38,145.42,91475.88
2018/11/20,145.42,149.67,120.38,127.49,190636.95
2018/11/21,127.49,137.27,122.5,134.61,94977.47
2018/11/22,134.61,136.99,122.5,123.17,38084.55
2018/11/23,123.17,125.12,115.2,121.32,70236.74
2018/11/24,121.32,125.96,106.61,110.66,48101.46
2018/11/25,110.66,118.81,98.2,114.5,116346.4
2018/11/26,114.5,116.85,102.73,106.82,89084.78
2018/11/27,106.82,111.23,99.26,108.71,70984.6
2018/11/28,108.71,126,108.71,121.77,69767.11
2018/11/29,121.77,123.03,113.15,116.41,47437.74
2018/11/30,116.41,119.46,109.5,112.05,39462.4
2018/12/1,111.97,121.12,110,116.75,19557.57
2018/12/2,116.75,119.38,113,114.79,22121.02
2018/12/3,114.79,115.1,104.86,107.13,27036.1
2018/12/4,107.13,112.05,104.77,108.62,24950.12
2018/12/5,108.62,109.12,100.43,100.59,34672.06
2018/12/6,100.59,105,89.05,89.05,158728.47
2018/12/7,89.05,96.51,81.5,92.57,125974.84
2018/12/8,92.57,94.18,84.05,90.08,39711.93
2018/12/9,90.08,98.29,88.23,92.47,16884.55
2018/12/10,92.47,94.87,87.5,89.36,27893.94
2018/12/11,89.36,90.95,85,87.26,23032.8
2018/12/12,87.02,91,86.03,89.07,31563.15
2018/12/13,89.07,90.23,83.77,84.98,43795.34
2018/12/14,84.98,85.92,80.98,83,34325.58
2018/12/15,83,84.98,80.83,82.93,21053.07
2018/12/16,82.93,86.62,82.93,83.72,17178.21
2018/12/17,83.72,97.24,83.65,93.88,56944.15
2018/12/18,93.88,101.48,91.5,100.91,40242.73
2018/12/19,100.91,109.21,98,99.38,90900.65
2018/12/20,99.38,118,98.62,114.8,101949.68
2018/12/21,114.8,119.2,105.02,107.7,77499.65
2018/12/22,107.7,120,105.72,115.89,21214.75
2018/12/23,115.89,133,115.89,129.54,41855.53
2018/12/24,129.54,159.26,129.54,139.02,82894.86
2018/12/25,139.02,139.8,122,129,50135.35
2018/12/26,129,136.42,123.6,130.31,24918.78
2018/12/27,130.31,131.79,112.01,114.37,80560.46
2018/12/28,114.37,138.44,113.27,137.26,43772.83
2018/12/29,137.26,147,131.74,134.19,22240.81
2018/12/30,134.19,139.96,128.84,138.87,14825.31
2018/12/31,138.87,138.99,128.24,130.8,37309.08
2019/1/1,130.8,140.92,128.72,139.48,22869.36
2019/1/2,139.48,156.83,138.78,153.57,50997.02
2019/1/3,153.57,154.39,144.48,147.07,20948.64
2019/1/4,147.07,155.46,145.11,153.56,34482.59
2019/1/5,153.56,160.7,152.02,153.93,23920.27
2019/1/6,153.93,159.5,148.3,155.83,48883.44
2019/1/7,155.83,157.07,148.45,150.27,30049.43
2019/1/8,150.27,153.01,146.52,148.83,25718.8
2019/1/9,148.83,153.12,148.15,149.42,21376.58
2019/1/10,149.42,150.84,122.24,126.43,56725.36
2019/1/11,126.43,128.82,121.66,125.77,16005.89
2019/1/12,125.77,127.31,123.35,124.46,5380.85
2019/1/13,124.46,125.32,113.4,115.35,19682.87
2019/1/14,115.35,131.47,115.35,128.39,41202.99
2019/1/15,128.39,130.63,117.03,120,37707.28
2019/1/16,120,127.51,119.38,122.01,30564.81
2019/1/17,122.01,123.8,117.2,122.43,21131.92
2019/1/18,122.43,122.63,118.2,119.51,10856.07
2019/1/19,121.03,126.37,119.35,123.6,13809.19
2019/1/20,123.6,123.62,115.81,117.4,12272.05
2019/1/21,117.4,118.16,113.61,116.01,9428.34
2019/1/22,116.01,119.59,111.06,118.03,20423.19
2019/1/23,118.03,118.94,115.05,116.45,14761.03
2019/1/24,116.45,117.05,113.8,116.3,19565.23
2019/1/25,116.3,117.06,114.25,114.98,19107.57
2019/1/26,114.98,117.4,110,115.01,6633.12
2019/1/27,115.01,115.22,110.57,111,34306.91
2019/1/28,111,112.1,100.82,105.35,58880.87
2019/1/29,105.35,105.91,101,104.01,69582.93
2019/1/30,104.01,109.44,103,107.61,22768.71
2019/1/31,107.61,110.03,104.74,105.7,19913.28
2019/2/1,105.7,107.44,103.01,106.01,13203.89
2019/2/2,106.01,110,105.27,109.18,8640.54
2019/2/3,109.18,109.77,104.7,106.01,6233.03
2019/2/4,106.01,107.85,105.5,106.09,8854.36
2019/2/5,106.09,106.66,105.2,106.01,9478.96
2019/2/6,106.01,106.4,100,103.44,30328.14
2019/2/7,103.44,104.74,102.73,103.13,6698.08
2019/2/8,103.13,121.93,101,118.27,63533.27
2019/2/9,118.27,119.69,116.35,118.07,7468.55
2019/2/10,118.07,125.02,115,123.88,15246.37
2019/2/11,123.88,124.11,118.4,119.49,19298.69
2019/2/12,119.49,122.35,117.24,120.91,18876.23
2019/2/13,120.91,125.09,119.59,120.66,16180.75
2019/2/14,120.66,123.07,118.97,119.28,13488.14
2019/2/15,119.28,123.3,119.28,120.26,8202.44
2019/2/16,120.26,123.57,120.26,121.83,3725.71
2019/2/17,121.83,136.86,121.34,132.44,63240.91
2019/2/18,132.44,147.83,131.29,144.56,31691.91
2019/2/19,144.56,149.13,141.95,142.77,26152.4
2019/2/20,142.77,148.33,139.29,147.98,30128.73
2019/2/21,147.98,148.55,141.93,144.4,22658.48
2019/2/22,144.4,147.99,142.2,146.61,31469.22
2019/2/23,146.61,159.43,144.31,157.67,19191.07
2019/2/24,157.67,165.5,129.32,131.82,92159.9
2019/2/25,131.82,141.02,131.32,137.69,36122.84
2019/2/26,137.69,138.09,133.12,135.95,14405.13
2019/2/27,135.95,139.55,125.77,134.47,29125.28
2019/2/28,134.47,138.94,131.69,134.7,20577.33
2019/3/1,134.7,137.53,133.95,134.91,11534.07
2019/3/2,134.91,136.2,129.69,132.32,13845.58
2019/3/3,132.32,134.56,127.39,129.66,6861.54
2019/3/4,129.66,130.35,122.61,125.38,15845.47
2019/3/5,125.38,137.52,124.9,136.32,25703.74
2019/3/6,136.32,140.18,133.31,137.03,20437.09
2019/3/7,137.03,139.5,134.84,136.22,17483.43
2019/3/8,136.22,138.62,130,132.91,16290.24
2019/3/9,132.91,138.04,132.12,136.34,6221.14
2019/3/10,136.34,136.55,133.47,134.64,2960.7
2019/3/11,134.64,135.39,130.55,131.89,12907.36
2019/3/12,131.89,134.41,127.69,132.77,15193.44
2019/3/13,132.77,132.85,130.25,131.11,6217.16
2019/3/14,131.11,134.7,128.9,131.46,14787.65
2019/3/15,131.46,136.81,131.46,135.65,14449.01
2019/3/16,135.65,144.78,135.65,140.62,38713.38
2019/3/17,140.62,140.79,136.75,138.11,10913.31
2019/3/18,138.11,141.2,135.57,137,11615.22
2019/3/19,137,138.62,136.27,138.08,8615.41
2019/3/20,138.08,139.22,135.53,138.67,25803.63
2019/3/21,138.67,139.13,132.08,134.57,15222
2019/3/22,134.57,137.08,134.06,136,5606.97
2019/3/23,136,137.64,135.5,136.54,2545.81
2019/3/24,136.54,136.56,132.33,135.45,26168.27
2019/3/25,135.45,136.13,130.69,133.07,13297.09
2019/3/26,133.07,133.76,131.56,133.15,15097.43
2019/3/27,133.15,139.73,133.06,139.12,14404.32
2019/3/28,139.12,139.12,136.65,137.4,16067.33
2019/3/29,137.4,141.65,137.04,141,9962.02
2019/3/30,141,145.74,140.13,142.06,5875.6
2019/3/31,142.06,142.1,140.19,141.37,2000.36
2019/4/1,141.37,142.91,138.85,140.93,11331.89
2019/4/2,140.93,167.47,140.84,164.67,76869.73
2019/4/3,164.67,179.94,150.51,160.92,108006.29
2019/4/4,160.92,164.84,153.58,157.8,59088.92
2019/4/5,157.8,168.51,156.17,166.05,23849.67
2019/4/6,166.05,174.49,160.33,165.71,12002.17
2019/4/7,165.71,176.96,164.22,174.88,17638.41
2019/4/8,174.88,188,174.11,181.15,66722.77
2019/4/9,181.15,181.15,174.49,175.97,19143.78
2019/4/10,175.97,185.48,170.51,177.63,27448.04
2019/4/11,177.63,177.66,160.51,164.87,36928.42
2019/4/12,164.87,167.27,159.22,165.27,17861.68
2019/4/13,165.27,166.04,162.28,164.01,6871.5
2019/4/14,164.01,169.03,162,168.29,5643.21
2019/4/15,168.29,169.79,156,160.39,19416.77
2019/4/16,160.39,167.95,159.76,166.64,12234.98
2019/4/17,166.64,168.62,164.62,166.61,10103.44
2019/4/18,166.61,176.19,166.18,173.69,19130.26
2019/4/19,173.69,174.3,169.3,174.24,13418.24
2019/4/20,174.24,177.71,171,173.89,4368.78
2019/4/21,173.89,174.48,166.29,170.13,8407.15
2019/4/22,170.13,173.59,168.48,171.56,8384.05
2019/4/23,171.56,176.95,168.98,171.06,19693.36
2019/4/24,171.06,171.06,160.31,165.84,30656.91
2019/4/25,165.84,166.29,146.9,152.19,30197.44
2019/4/26,152.19,155.86,148.37,152.5,22023.8
2019/4/27,152.5,158.1,152.5,155.47,8431.1
2019/4/28,155.47,156.72,152.47,153.09,7168.77
2019/4/29,153.09,154.7,148.82,152.31,10968.84
2019/4/30,152.31,161.13,152.31,160.41,18506.19
2019/5/1,160.41,162.65,156.53,158.63,7170.82
2019/5/2,158.63,160.56,155.79,158.75,9601.06
2019/5/3,158.75,169,157.88,165.09,19481.66
2019/5/4,165.09,168.34,158,162.23,7464.41
2019/5/5,162.23,163.65,157.45,161.31,4571.45
2019/5/6,161.31,175.92,157.8,171.16,23615.18
2019/5/7,171.16,180.79,165.5,166.79,26102.1
2019/5/8,166.79,171.66,162,169.65,19145.49
2019/5/9,169.65,173.2,165.3,170.02,14124.84
2019/5/10,170.02,176,167.5,173.99,18009.06
2019/5/11,173.99,208.23,173.11,192.54,41068.06
2019/5/12,192.54,204.17,182.43,187.86,37882.85
2019/5/13,187.86,209.53,185.65,196.2,69886.01
2019/5/14,196.2,220.59,195.41,217.22,65753.51
2019/5/15,217.22,251,217.22,249.95,89830.81
2019/5/16,249.95,280.41,242.38,265.01,102235.07
2019/5/17,265.01,269.21,222.59,244.92,57367.62
2019/5/18,244.92,248.73,231.35,235.05,13905.54
2019/5/19,235.05,264.84,232.99,260.73,15635.92
2019/5/20,260.73,260.73,239.23,252.98,26541.58
2019/5/21,252.98,264.42,248,255.06,19970.84
2019/5/22,255.06,261.13,240,243.77,31177.93
2019/5/23,243.77,248.51,231.5,245.92,15105.36
2019/5/24,245.92,256.11,242.52,250.1,9434.1
2019/5/25,250.1,258.48,248.57,252.19,8394.87
2019/5/26,252.19,271.32,246.4,268.22,18543.42
2019/5/27,268.22,279.99,264.65,271.63,27184.16
2019/5/28,271.63,276.39,265.49,271.48,12899.02
2019/5/29,271.48,274.59,260.14,269.36,25094
2019/5/30,269.36,288.93,239,254.41,49953.44
2019/5/31,254.41,264.21,245.51,262.71,19989.04
2019/6/1,262.71,273,261.13,265.06,4808.14
2019/6/2,265.06,274,264.2,269.4,4693.83
2019/6/3,269.4,270,246.59,249.63,14878.81
2019/6/4,249.63,250.96,232.93,240.89,22561.66
2019/6/5,240.89,249.14,237.28,246.21,12452.52
2019/6/6,246.21,250.99,235.52,249.03,8482.46
2019/6/7,249.03,254.36,240,249.29,37894.84
2019/6/8,249.29,251.04,241.78,244.2,6715.38
2019/6/9,244.2,245.33,226.55,231.6,5673.81
2019/6/10,231.6,247.79,227.83,247.39,7121.1
2019/6/11,247.39,249.04,237.26,245.28,7819.79
2019/6/12,245.28,263.82,243.29,263.72,15879.38
2019/6/13,263.72,264.52,254.28,256.03,8815.34
2019/6/14,256.03,266.19,252.99,263.76,9573.44
2019/6/15,263.76,273.03,262,269.21,6261.23
2019/6/16,269.21,279,263.55,268.67,8187.89
2019/6/17,268.67,275.79,267.73,273.88,11373.39
2019/6/18,273.88,274.19,261.02,264.23,13915.06
2019/6/19,264.23,270.01,263.53,268.97,8781.64
2019/6/20,268.97,274.44,266.33,272,10102.73
2019/6/21,272,297.59,272,296.71,24682.96
2019/6/22,296.71,316.13,293.65,308.92,48381.04
2019/6/23,308.92,317.68,304.2,306.87,12334.37
2019/6/24,306.87,313.23,295.23,311.05,12467.2
2019/6/25,311.05,317.24,305,316.32,18388.27
2019/6/26,316.32,363.85,313.48,334.21,68027.02
2019/6/27,334.21,343.17,274.2,293.56,55306.59
2019/6/28,293.56,312.55,290,309.74,29147.08
2019/6/29,309.74,324.19,291.73,318,15535.87
2019/6/30,318,323.17,286.14,289.5,16701.76
2019/7/1,289.5,301,278.79,289.02,21374.08
2019/7/2,289.02,293.43,271.42,290.66,20486.05
2019/7/3,290.66,303.64,289.73,302.53,15406.57
2019/7/4,302.53,303.8,280.28,283.86,9529.69
2019/7/5,283.86,294.89,280.05,288.05,11089.25
2019/7/6,288.05,297.78,285.5,287.87,5026.11
2019/7/7,287.87,310.98,284.53,306.58,7016.46
2019/7/8,306.58,314.82,302.66,313.63,24238.86
2019/7/9,313.63,318.4,303.15,308.28,20793.67
2019/7/10,308.28,315,281.27,288.73,37866.3
2019/7/11,288.73,288.73,262.04,267.72,33180.58
2019/7/12,267.72,279.55,266.62,275.59,8657.95
2019/7/13,275.59,275.97,261.89,269.52,5892.68
2019/7/14,269.52,270.04,222.92,226.33,41365.69
2019/7/15,226.33,235.97,202.61,227.95,74532.07
2019/7/16,227.95,234.38,190,198.71,73540.97
2019/7/17,198.71,220,192.19,211.61,40025.17
2019/7/18,211.61,229.49,206.56,226.33,30930.45
2019/7/19,226.33,226.7,213.16,221.53,17892.09
2019/7/20,221.53,236,220.6,228.5,16533.61
2019/7/21,228.5,229.58,217.85,225.55,3451.25
2019/7/22,225.55,228.01,211.43,216.89,21042.58
2019/7/23,216.89,219,208.36,212.36,12407.36
2019/7/24,212.36,218.1,201.02,216.51,14012.25
2019/7/25,216.51,225.9,215.41,219.9,11202.46
2019/7/26,219.9,220.78,212.79,219.58,4618.86
2019/7/27,219.58,223.8,202.01,207.07,12252.16
2019/7/28,207.07,213.59,197.77,210.81,8926.41
2019/7/29,210.81,215.23,205.52,210.83,7639.34
2019/7/30,210.83,214.77,203.66,209.77,8428.75
2019/7/31,209.77,218.92,209.77,218.47,7222.67
2019/8/1,218.47,218.91,211.58,217.47,10628.72
2019/8/2,217.47,222.58,215,217.51,8635.88
2019/8/3,217.51,224.5,216.53,221.67,9468.13
2019/8/4,221.67,223.89,217.33,222.96,2894.3
2019/8/5,222.96,236.8,222.96,232.9,15598.61
2019/8/6,232.9,239.14,222.61,225.98,16814.92
2019/8/7,225.98,231.22,220.12,226.1,15481.23
2019/8/8,226.1,226.78,214.5,219.02,11390.82
2019/8/9,219.19,220,206.89,210.12,16880.64
2019/8/10,210.12,214.43,200.75,206.17,16805.48
2019/8/11,206.17,216.54,205.88,216.06,6528.18
2019/8/12,216.06,216.06,209.49,211.15,6168.58
2019/8/13,211.15,211.2,202.91,208.21,19356.4
2019/8/14,208.21,209.03,181.71,186.21,50045.75
2019/8/15,186.21,189.69,173.58,187.98,47875.68
2019/8/16,187.98,188.14,177.99,185.29,24361.46
2019/8/17,185.29,187.19,181.99,185.49,2877.2
2019/8/18,185.49,198.03,183.4,194.67,6417.62
2019/8/19,194.67,203.57,193.08,202.63,12880.33
2019/8/20,202.63,202.94,194.63,196.47,11086.94
2019/8/21,196.47,196.67,180,186.71,20439.2
2019/8/22,186.71,194.91,182.66,193.58,10793.06
2019/8/23,193.58,196.6,188.86,194.81,7206.3
2019/8/24,194.81,194.81,186.42,190.82,4501.41
2019/8/25,190.82,192.89,182.74,186.42,4466.9
2019/8/26,186.42,193.85,185.79,188.44,7748.66
2019/8/27,188.44,189.12,184.56,187.17,3867.55
2019/8/28,187.17,188.09,165.71,172.87,26040.43
2019/8/29,172.87,173.39,163.6,168.82,17309.71
2019/8/30,168.82,170.33,165.63,168.18,6864.1
2019/8/31,168.18,174.5,166.38,171.95,2069.81
2019/9/1,171.95,174.04,168.02,171.2,3168.83
2019/9/2,171.2,181.67,170.59,178.79,9283.76
2019/9/3,178.79,183.3,173.72,179.12,14758.53
2019/9/4,179.12,180.35,173.47,175.08,9368.13
2019/9/5,175.08,178.87,169.44,175.35,10183.72
2019/9/6,175.35,178.5,164.83,168.93,25478.3
2019/9/7,168.93,180.9,168.93,178.36,11821.39
2019/9/8,178.36,184.54,176.62,181.43,9819.85
2019/9/9,181.43,185.94,176.14,181.04,10756.78
2019/9/10,181.04,184.35,176.68,179.61,8576.85
2019/9/11,179.61,182.7,173.7,178.47,12741.56
2019/9/12,178.47,182.6,176.45,180.88,2749.15
2019/9/13,180.88,181.8,177.7,181.43,4494.36
2019/9/14,181.43,189.95,180.32,188.83,5842.43
2019/9/15,188.83,191.03,186.5,189.49,4802.9
2019/9/16,189.49,199.75,188.58,197.8,15868.37
2019/9/17,197.8,215,196.27,208.15,16399.13
2019/9/18,208.15,217.25,208.15,210.4,12092.71
2019/9/19,210.4,224.71,202.34,220.29,15095.37
2019/9/20,220.29,220.49,212.01,218.59,7633.77
2019/9/21,218.59,221.4,214,215.16,5753.27
2019/9/22,215.16,215.23,206.12,211.37,6283.79
2019/9/23,211.37,211.41,198.34,200.68,11158.06
2019/9/24,200.68,202.69,152.39,166.15,57331.2
2019/9/25,166.15,175,162.47,169.87,16209.66
2019/9/26,169.87,170.93,152.11,165.85,26159.49
2019/9/27,165.85,177.08,161.17,174.36,15727.34
2019/9/28,174.36,175.87,168.57,173.93,7671.42
2019/9/29,173.93,174.71,164.7,169.27,4903.69
2019/9/30,169.27,181.87,165.11,181,18264.49
2019/10/1,181,185.75,173.85,176.05,15446.38
2019/10/2,176.05,181.9,174.21,180.78,9292.69
2019/10/3,180.78,181.07,169.81,175,9688.15
2019/10/4,175,179.47,170.84,176.16,7481.29
2019/10/5,176.16,177.13,172.11,176.22,1987.68
2019/10/6,176.22,177,167.6,170.15,5950.52
2019/10/7,170.15,182.6,168.98,180.2,8879.98
2019/10/8,180.2,185.09,177.59,180.95,7278.95
2019/10/9,180.95,198,179.29,193.23,22605.98
2019/10/10,193.23,194.89,187.47,191.65,6654.78
2019/10/11,191.65,197.77,179.61,180.74,16729.07
2019/10/12,180.74,184.83,177.44,180,8209.89
2019/10/13,180,184.69,178.84,181.04,4847.68
2019/10/14,181.04,187.97,180.59,186.68,15144.8
2019/10/15,186.68,188.43,177.08,180.68,15958.96
2019/10/16,180.68,181.32,171.59,174.35,10030.72
2019/10/17,174.35,179,172,177.3,18735.88
2019/10/18,177.3,177.4,168.41,172.77,10244.05
2019/10/19,172.77,175.09,169.87,172.02,4031.79
2019/10/20,172.02,176.8,169.62,175.56,5571.16
2019/10/21,175.56,177.9,171.93,174.63,6354.4
2019/10/22,174.63,175.5,170.7,171.46,5743.54
2019/10/23,171.46,171.49,153,162.7,35005.88
2019/10/24,162.7,163.78,159.06,161.25,7506.65
2019/10/25,161.25,187.78,160.7,181.65,15497.86
2019/10/26,181.65,199.38,173.91,180.28,17696.01
2019/10/27,180.28,189.12,177.31,184.22,4581.69
2019/10/28,184.22,189.82,180.88,182.16,10517.56
2019/10/29,182.16,193,181.83,191.32,11583.47
2019/10/30,191.32,192.02,180.11,183.15,10424.7
2019/10/31,183.15,185.33,178.01,182.43,8221.46
2019/11/1,182.43,184.93,177.31,183.26,8417.44
2019/11/2,183.26,186.27,182.02,183.25,2697.45
2019/11/3,183.25,185.11,179.02,181.65,2189.88
2019/11/4,181.65,189.43,180.5,186.28,4527.82
2019/11/5,186.28,192.64,182.51,188.92,16736.98
2019/11/6,188.92,194.79,188,191.38,10576.99
2019/11/7,191.38,192.27,184.5,186.52,8520.42
2019/11/8,186.52,188.1,180.7,183.9,4875.09
2019/11/9,183.9,185.75,182.76,184.89,1900.02
2019/11/10,184.89,192.12,183.47,188.97,5335.46
2019/11/11,188.97,189.95,183.84,184.79,5750.52
2019/11/12,184.79,187.16,182.06,186.98,8106.69
2019/11/13,186.98,189.4,185.14,187.81,5799.04
2019/11/14,187.81,188.42,182.8,184.58,6136.44
2019/11/15,184.58,186.53,177,179.95,9777.54
2019/11/16,179.95,183.43,179.23,182.41,1425.72
2019/11/17,182.41,186.3,179.98,183.93,1307.01
2019/11/18,183.93,183.93,174.43,177.96,9068.95
2019/11/19,177.96,178.07,172.51,175.5,7395.08
2019/11/20,175.5,177.25,173,174.24,8437.23
2019/11/21,174.24,175.2,155.57,160.8,17884.96
2019/11/22,160.8,162.34,137.8,150.31,44638.35
2019/11/23,150.31,154.44,146.5,152.29,5959.93
2019/11/24,152.29,152.82,138.96,140.23,12170.7
2019/11/25,140.23,151.69,132.03,146.09,31920.12
2019/11/26,146.09,149.99,143.77,147.67,9324.78
2019/11/27,147.67,155.77,141,152.91,21680.21
2019/11/28,152.91,154.79,149.52,151.06,5098.31
2019/11/29,151.06,157.64,150.96,154.44,7020.08
2019/11/30,154.44,155.51,150,151.8,3872.94
2019/12/1,151.8,152.28,146.16,151.59,6353.82
2019/12/2,151.59,151.68,146.9,149,5055.52
2019/12/3,149,149.95,145.92,147.52,5054.93
2019/12/4,147.52,152.36,143.46,145.49,15381.08
2019/12/5,145.49,148.87,143.78,147.85,7803.54
2019/12/6,147.85,149.85,145.9,148.83,5989.8
2019/12/7,148.83,149.82,147,147.29,1413.74
2019/12/8,147.29,151.99,146.4,150.66,3394.14
2019/12/9,150.66,151.45,146.75,147.36,4802.37
2019/12/10,147.36,148.16,144,145.69,3618.29
2019/12/11,145.69,146.3,142.02,143.17,3412.98
2019/12/12,143.17,145.47,139.02,144.77,10856.41
2019/12/13,144.77,145.04,142.86,144.7,4756.42
2019/12/14,144.7,145,141.18,141.74,2316.42
2019/12/15,141.74,144.08,140,142.33,2757.41
2019/12/16,142.33,142.46,129.2,132.51,16840.73
2019/12/17,132.51,132.62,120,121.88,17516.79
2019/12/18,121.88,134.94,116.21,132.96,15469.88
2019/12/19,132.96,134.04,125.81,128.07,8430.62
2019/12/20,128.07,129.4,125.02,128.48,14267.16
2019/12/21,128.48,128.48,126.68,126.96,2450.96
2019/12/22,126.96,133.37,126.9,132.35,4969.42
2019/12/23,132.35,135.19,126.23,128.14,12091.86
2019/12/24,128.14,129.49,126.66,127.66,3701.21
2019/12/25,127.66,127.66,123.4,124.98,3373.11
2019/12/26,124.98,132,124.18,125.32,5615.9
2019/12/27,125.32,126.59,122.2,126.13,5875.55
2019/12/28,126.13,129.5,125.86,127.83,3684.42
2019/12/29,127.83,137.53,126.96,134.21,7721.35
2019/12/30,134.21,135.77,130,131,8666.6
2019/12/31,131,133.37,127.77,128.84,16974.13
2020/1/1,128.84,132.57,128.07,130.25,10641.08
2020/1/2,130.25,130.25,126.19,126.83,11842.45
2020/1/3,126.83,134.62,125.6,133.94,22800.23
2020/1/4,133.94,136,132.58,134.14,7537.05
2020/1/5,134.14,138.16,134.1,135.39,7015.13
2020/1/6,135.39,148.97,134.95,144.12,34466.62
2020/1/7,144.12,145.28,139.02,143.13,12391.4
2020/1/8,143.13,148.18,137.33,141.12,16867.66
2020/1/9,141.12,141.25,135.33,137.76,10076.43
2020/1/10,137.76,145.32,135.36,144.75,13340.58
2020/1/11,144.75,148.19,142.21,142.59,10286.53
2020/1/12,142.59,146.57,141.95,146.57,4002.33
2020/1/13,146.57,146.95,142.43,143.78,5901.08
2020/1/14,143.78,170.62,143.78,165.83,43694.86
2020/1/15,165.83,172,159.43,166.1,22286.47
2020/1/16,166.1,167.23,158.48,164.04,17747.09
2020/1/17,164.04,174.32,162.38,170.23,19438.79
2020/1/18,170.23,179.65,165.1,174.03,10761.97
2020/1/19,174.03,177.71,162,166.95,18208.92
2020/1/20,166.95,169.31,161.16,166.94,21125.93
2020/1/21,166.94,169.78,164.4,169.21,5977.04
2020/1/22,169.21,170.99,165.63,167.78,8292.14
2020/1/23,167.78,167.78,158.72,162.62,19028.44
2020/1/24,162.62,165,155.11,162.53,7694.9
2020/1/25,162.53,162.6,157.43,160.12,3817.81
2020/1/26,160.12,167.5,159.14,167.5,5125.89
2020/1/27,167.5,171.86,164.81,169.99,10356.25
2020/1/28,169.99,176.58,169.96,176.15,11890.43
2020/1/29,176.15,178.49,173.37,173.55,14301.91
2020/1/30,173.55,186.88,170.54,184.46,13142.34
2020/1/31,184.46,185.54,175.33,179.75,25967.47
2020/2/1,179.75,184.05,179.15,183.54,4090.5
2020/2/2,183.54,193.32,178.82,188.36,15310.91
2020/2/3,188.36,196,186.56,189.86,15685.52
2020/2/4,189.86,191.49,183.97,188.2,8563.4
2020/2/5,188.2,207.99,187.6,203.93,15342.5
2020/2/6,203.93,216.2,201.09,213.19,17049.96
2020/2/7,213.19,224.29,213.19,223.03,8486.64
2020/2/8,223.03,228,213.49,223.76,22035.79
2020/2/9,223.76,230.99,223.7,228.98,15128.75
2020/2/10,228.98,229.69,217.09,223.7,20264.38
2020/2/11,223.7,239.73,218.13,237.9,32170.54
2020/2/12,237.9,275.82,237.9,267.07,48299.44
2020/2/13,267.07,278.34,256.42,268.76,43485.43
2020/2/14,268.76,287.68,260.36,286.48,12151.56
2020/2/15,286.48,289.58,261.72,264.94,24828.66
2020/2/16,264.94,273.96,236.56,259.03,43567.01
2020/2/17,259.03,268.99,242.58,267.67,18833.8
2020/2/18,267.67,286.54,259.39,283.66,24360.52
2020/2/19,283.66,287.41,251.07,259.07,29267.55
2020/2/20,259.07,264.59,245.47,257.8,23951.33
2020/2/21,257.8,268.57,257.41,265.4,9163.59
2020/2/22,265.4,266.86,256.8,262.51,5912.03
2020/2/23,262.51,276.63,262.14,275.92,6000.03
2020/2/24,275.92,278,256.64,265.9,25666.64
2020/2/25,265.9,266.26,244.7,246.31,24946.49
2020/2/26,246.31,249.77,215.5,224,34381.8
2020/2/27,224,238.27,209.77,227.14,30282.57
2020/2/28,227.14,234.38,213,227.43,18755.55
2020/2/29,227.43,233.36,217.26,217.35,7035.9
